-5,-30
-5.8349,-31.297
-6.6698,-32.589
-7.514,-33.876
-8.3581,-35.159
-9.2116,-36.438
-10.065,-37.711
-10.909,-38.976
-11.753,-40.244
-12.598,-41.526
-13.442,-42.814
-14.304,-44.101
-15.167,-45.385
-16.002,-46.663
-16.837,-47.936
-17.653,-49.204
-18.47,-50.47
-19.295,-51.735
-20.121,-53.003
-20.965,-54.275
-21.809,-55.555
-22.653,-56.842
-23.498,-58.125
-24.351,-59.395
-25.204,-60.658
-26.058,-61.923
-26.911,-63.191
-27.756,-64.461
-28.6,-65.725
-29.444,-66.981
-30.288,-68.239
-31.132,-69.512
-31.976,-70.791
-32.821,-72.068
-33.665,-73.343
-34.5,-74.619
-35.335,-75.895
-36.179,-77.171
-37.023,-78.447
-37.867,-79.722
-38.711,-80.998
-39.555,-82.274
-40.4,-83.55
-41.234,-84.826
-42.069,-86.102
-42.914,-87.377
-43.758,-88.654
-44.593,-89.936
-45.428,-91.224
-46.272,-92.517
-47.116,-93.813
-47.951,-95.108
-48.786,-96.401
-49.63,-97.694
-50.474,-98.99
-51.318,-100.29
-52.162,-101.6
-52.997,-102.9
-53.832,-104.2
-54.676,-105.5
-55.52,-106.79
-56.355,-108.1
-57.19,-109.4
-58.016,-110.69
-58.842,-111.99
-59.686,-113.29
-60.53,-114.6
-61.355,-115.89
-62.181,-117.19
-63.025,-118.49
-63.869,-119.79
-64.704,-121.09
-65.539,-122.38
-66.383,-123.69
-67.228,-124.99
-68.062,-126.28
-68.897,-127.56
-69.742,-128.85
-70.586,-130.15
-71.421,-131.44
-72.256,-132.74
-73.1,-134.03
-73.944,-135.32
-74.788,-136.61
-75.632,-137.9
-76.467,-139.19
-77.302,-140.48
-78.146,-141.78
-78.99,-143.07
-79.825,-144.36
-80.66,-145.64
-81.504,-146.94
-82.348,-148.23
-83.193,-149.52
-84.037,-150.8
-84.872,-152.09
-85.707,-153.37
-86.551,-154.66
-87.395,-155.94
-88.239,-157.23
-89.083,-158.51
-89.918,-159.8
-90.753,-161.08
-91.597,-162.38
-92.441,-163.67
-93.276,-164.97
-94.111,-166.26
-94.955,-167.54
-95.8,-168.83
-96.634,-170.13
-97.469,-171.42
-98.314,-172.7
-99.158,-173.99
-100,-175.28
-100.85,-176.58
-101.69,-177.87
-102.53,-179.15
-103.37,-180.43
-104.2,-181.72
-105.05,-183
-105.89,-184.29
-106.74,-185.59
-107.58,-186.88
-108.43,-188.15
-109.27,-189.43
-110.11,-190.72
-110.96,-192.02
-111.8,-193.31
-112.65,-194.59
-113.49,-195.87
-114.33,-197.16
-115.19,-198.44
-116.04,-199.73
-116.89,-201.01
-117.73,-202.3
-118.57,-203.59
-119.42,-204.87
-120.26,-206.15
-121.11,-207.42
-121.96,-208.7
-122.81,-209.97
-123.66,-211.24
-124.5,-212.51
-125.35,-213.78
-126.21,-215.06
-127.05,-216.33
-127.9,-217.59
-128.75,-218.86
-129.6,-220.12
-130.45,-221.39
-131.29,-222.66
-132.15,-223.93
-133,-225.19
-133.85,-226.45
-134.71,-227.71
-135.56,-228.97
-136.41,-230.24
-137.27,-231.5
-138.12,-232.75
-138.98,-234.02
-139.85,-235.29
-140.7,-236.55
-141.55,-237.8
-142.41,-239.07
-143.28,-240.34
-144.14,-241.59
-145,-242.85
-145.87,-244.11
-146.73,-245.37
-147.59,-246.62
-148.45,-247.88
-149.32,-249.15
-150.18,-250.41
-151.04,-251.67
-151.9,-252.93
-152.77,-254.19
-153.63,-255.44
-154.49,-256.7
-155.36,-257.96
-156.21,-259.22
-157.06,-260.49
-157.92,-261.75
-158.77,-263.01
-159.63,-264.26
-160.49,-265.52
-161.35,-266.79
-162.2,-268.05
-163.06,-269.31
-163.91,-270.57
-164.76,-271.82
-165.62,-273.08
-166.47,-274.35
-167.32,-275.62
-168.18,-276.89
-169.03,-278.15
-169.88,-279.41
-170.74,-280.66
-171.59,-281.93
-172.44,-283.2
-173.3,-284.46
-174.15,-285.71
-175,-286.98
-175.86,-288.25
-176.71,-289.51
-177.56,-290.76
-178.42,-292.01
-179.27,-293.28
-180.13,-294.55
-181,-295.81
-181.84,-297.05
-182.68,-298.29
-183.54,-299.54
-184.39,-300.8
-185.24,-302.05
-186.1,-303.3
-186.95,-304.55
-187.81,-305.79
-188.66,-307.04
-189.51,-308.29
-190.37,-309.54
-191.22,-310.79
-192.06,-312.03
-192.91,-313.26
-193.75,-314.5
-194.6,-315.74
-195.44,-316.98
-196.28,-318.22
-197.13,-319.45
-197.97,-320.68
-198.81,-321.91
-199.64,-323.14
-200.48,-324.36
-201.31,-325.58
-202.14,-326.8
-202.96,-328.02
-203.79,-329.24
-204.61,-330.46
-205.44,-331.68
-206.27,-332.88
-207.09,-334.09
-207.92,-335.29
-208.72,-336.49
-209.53,-337.69
-210.35,-338.88
-211.16,-340.06
-211.96,-341.24
-212.76,-342.42
-213.56,-343.6
-214.35,-344.77
-215.14,-345.94
-215.93,-347.1
-216.71,-348.27
-217.49,-349.43
-218.27,-350.59
-219.05,-351.74
-219.83,-352.89
-220.61,-354.04
-221.38,-355.18
-222.15,-356.33
-222.92,-357.48
-223.69,-358.62
-224.45,-359.76
-225.21,-360.88
-225.96,-362
-226.71,-363.12
-227.46,-364.24
-228.21,-365.35
-228.95,-366.46
-229.68,-367.55
-230.41,-368.64
-231.15,-369.72
-231.87,-370.8
-232.59,-371.88
-233.31,-372.95
-234.02,-374.01
-234.73,-375.06
-235.43,-376.1
-236.14,-377.13
-236.84,-378.17
-237.54,-379.2
-238.23,-380.22
-238.92,-381.22
-239.61,-382.22
-240.28,-383.22
-240.96,-384.21
-241.64,-385.2
-242.31,-386.17
-242.97,-387.15
-243.63,-388.12
-244.28,-389.07
-244.93,-390.02
-245.57,-390.96
-246.21,-391.89
-246.84,-392.83
-247.47,-393.76
-248.1,-394.67
-248.73,-395.57
-249.34,-396.48
-249.94,-397.38
-250.54,-398.26
-251.15,-399.14
-251.75,-400.01
-252.35,-400.87
-252.94,-401.74
-253.52,-402.59
-254.11,-403.44
-254.69,-404.28
-255.26,-405.12
-255.82,-405.96
-256.39,-406.79
-256.95,-407.61
-257.51,-408.42
-258.07,-409.23
-258.61,-410.04
-259.16,-410.84
-259.7,-411.63
-260.24,-412.41
-260.77,-413.19
-261.29,-413.97
-261.81,-414.74
-262.33,-415.5
-262.84,-416.25
-263.35,-417
-263.86,-417.74
-264.37,-418.48
-264.87,-419.21
-265.36,-419.94
-265.84,-420.66
-266.32,-421.36
-266.8,-422.07
-267.27,-422.77
-267.74,-423.47
-268.21,-424.17
-268.68,-424.87
-269.14,-425.56
-269.6,-426.24
-270.05,-426.91
-270.5,-427.58
-270.94,-428.26
-271.38,-428.94
-271.81,-429.61
-272.24,-430.28
-272.67,-430.94
-273.09,-431.6
-273.5,-432.25
-273.9,-432.9
-274.3,-433.55
-274.69,-434.19
-275.08,-434.82
-275.44,-435.46
-275.8,-436.1
-276.15,-436.73
-276.49,-437.36
-276.82,-437.99
-277.16,-438.62
-277.46,-439.25
-277.77,-439.87
-278.05,-440.49
-278.33,-441.11
-278.58,-441.73
-278.83,-442.35
-279.06,-442.98
-279.29,-443.61
-279.5,-444.24
-279.7,-444.87
-279.88,-445.49
-280.07,-446.12
-280.22,-446.75
-280.37,-447.38
-280.5,-448.01
-280.63,-448.66
-280.73,-449.3
-280.83,-449.95
-280.9,-450.6
-280.96,-451.24
-281.01,-451.89
-281.05,-452.54
-281.06,-453.19
-281.07,-453.83
-281.04,-454.47
-281.02,-455.11
-280.97,-455.75
-280.92,-456.38
-280.85,-457.02
-280.78,-457.66
-280.66,-458.3
-280.55,-458.94
-280.41,-459.56
-280.27,-460.18
-280.11,-460.8
-279.94,-461.41
-279.75,-462.03
-279.55,-462.63
-279.32,-463.23
-279.09,-463.82
-278.83,-464.4
-278.57,-464.98
-278.28,-465.55
-277.99,-466.11
-277.68,-466.66
-277.36,-467.2
-277.02,-467.74
-276.68,-468.26
-276.3,-468.76
-275.93,-469.25
-275.53,-469.74
-275.14,-470.22
-274.71,-470.68
-274.28,-471.12
-273.84,-471.55
-273.39,-471.97
-272.92,-472.38
-272.45,-472.77
-271.94,-473.15
-271.44,-473.51
-270.92,-473.85
-270.4,-474.17
-269.87,-474.49
-269.33,-474.78
-268.77,-475.06
-268.21,-475.32
-267.64,-475.56
-267.06,-475.78
-266.47,-475.98
-265.88,-476.15
-265.27,-476.31
-264.67,-476.45
-264.05,-476.56
-263.43,-476.65
-262.8,-476.73
-262.17,-476.78
-261.54,-476.81
-260.9,-476.82
-260.26,-476.8
-259.61,-476.76
-258.95,-476.71
-258.29,-476.65
-257.62,-476.58
-256.95,-476.5
-256.28,-476.42
-255.6,-476.32
-254.92,-476.21
-254.24,-476.1
-253.55,-475.98
-252.85,-475.86
-252.15,-475.73
-251.44,-475.6
-250.73,-475.46
-250.01,-475.32
-249.3,-475.17
-248.59,-475.02
-247.85,-474.88
-247.12,-474.73
-246.38,-474.57
-245.64,-474.41
-244.88,-474.25
-244.13,-474.1
-243.38,-473.95
-242.63,-473.8
-241.86,-473.65
-241.09,-473.49
-240.31,-473.34
-239.53,-473.19
-238.74,-473.04
-237.95,-472.88
-237.17,-472.73
-236.38,-472.58
-235.57,-472.43
-234.76,-472.27
-233.96,-472.11
-233.15,-471.95
-232.32,-471.8
-231.5,-471.64
-230.67,-471.48
-229.85,-471.33
-229.02,-471.18
-228.2,-471.03
-227.35,-470.87
-226.51,-470.72
-225.67,-470.56
-224.84,-470.4
-223.98,-470.24
-223.13,-470.09
-222.28,-469.93
-221.42,-469.77
-220.56,-469.61
-219.7,-469.46
-218.83,-469.3
-217.95,-469.14
-217.08,-468.98
-216.21,-468.81
-215.33,-468.65
-214.45,-468.5
-213.57,-468.34
-212.69,-468.18
-211.79,-468.03
-210.9,-467.87
-210.01,-467.71
-209.12,-467.55
-208.22,-467.4
-207.32,-467.24
-206.42,-467.07
-205.52,-466.91
-204.62,-466.75
-203.72,-466.59
-202.81,-466.44
-201.91,-466.28
-201.01,-466.12
-200.11,-465.96
-199.2,-465.81
-198.29,-465.65
-197.38,-465.49
-196.47,-465.33
-195.56,-465.18
-194.65,-465.02
-193.73,-464.86
-192.81,-464.71
-191.89,-464.55
-190.96,-464.39
-190.04,-464.24
-189.12,-464.1
-188.19,-463.94
-187.27,-463.78
-186.35,-463.63
-185.43,-463.49
-184.5,-463.34
-183.58,-463.19
-182.65,-463.03
-181.72,-462.88
-180.79,-462.72
-179.86,-462.56
-178.95,-462.41
-178.03,-462.27
-177.1,-462.11
-176.17,-461.95
-175.25,-461.79
-174.34,-461.64
-173.42,-461.47
-172.5,-461.3
-171.58,-461.14
-170.66,-460.97
-169.74,-460.8
-168.83,-460.64
-167.92,-460.47
-167.01,-460.31
-166.09,-460.13
-165.17,-459.95
-164.26,-459.77
-163.35,-459.58
-162.43,-459.4
-161.52,-459.21
-160.61,-459.01
-159.7,-458.81
-158.79,-458.6
-157.88,-458.38
-156.97,-458.15
-156.06,-457.9
-155.16,-457.65
-154.26,-457.4
-153.36,-457.14
-152.46,-456.87
-151.56,-456.58
-150.66,-456.27
-149.77,-455.97
-148.88,-455.65
-147.99,-455.31
-147.1,-454.96
-146.23,-454.6
-145.36,-454.22
-144.48,-453.83
-143.61,-453.43
-142.74,-453.01
-141.87,-452.58
-141.01,-452.13
-140.16,-451.67
-139.31,-451.2
-138.45,-450.71
-137.61,-450.21
-136.77,-449.69
-135.93,-449.16
-135.1,-448.62
-134.28,-448.06
-133.46,-447.49
-132.65,-446.91
-131.83,-446.33
-131.02,-445.72
-130.22,-445.11
-129.42,-444.47
-128.62,-443.83
-127.83,-443.18
-127.04,-442.52
-126.26,-441.85
-125.48,-441.17
-124.71,-440.48
-123.94,-439.78
-123.17,-439.08
-122.4,-438.37
-121.64,-437.66
-120.88,-436.93
-120.11,-436.21
-119.34,-435.49
-118.57,-434.77
-117.8,-434.05
-117.03,-433.31
-116.26,-432.57
-115.5,-431.83
-114.74,-431.09
-113.96,-430.35
-113.18,-429.61
-112.41,-428.87
-111.64,-428.13
-110.87,-427.38
-110.1,-426.63
-109.32,-425.88
-108.53,-425.14
-107.75,-424.39
-106.97,-423.64
-106.19,-422.89
-105.41,-422.14
-104.63,-421.38
-103.85,-420.62
-103.06,-419.86
-102.27,-419.11
-101.5,-418.36
-100.73,-417.61
-99.946,-416.85
-99.158,-416.09
-98.378,-415.33
-97.599,-414.56
-96.829,-413.8
-96.059,-413.04
-95.28,-412.28
-94.501,-411.53
-93.722,-410.77
-92.942,-410.01
-92.172,-409.25
-91.402,-408.49
-90.614,-407.73
-89.825,-406.98
-89.046,-406.22
-88.267,-405.46
-87.478,-404.69
-86.69,-403.93
-85.901,-403.16
-85.113,-402.39
-84.315,-401.62
-83.517,-400.86
-82.72,-400.09
-81.922,-399.32
-81.115,-398.55
-80.308,-397.77
-79.501,-396.99
-78.694,-396.22
-77.886,-395.44
-77.079,-394.66
-76.263,-393.88
-75.447,-393.09
-74.63,-392.3
-73.814,-391.52
-72.998,-390.74
-72.181,-389.97
-71.356,-389.18
-70.53,-388.39
-69.704,-387.61
-68.879,-386.82
-68.053,-386.04
-67.228,-385.25
-66.402,-384.46
-65.576,-383.68
-64.751,-382.89
-63.925,-382.11
-63.09,-381.32
-62.255,-380.53
-61.42,-379.74
-60.586,-378.94
-59.741,-378.16
-58.897,-377.37
-58.062,-376.58
-57.227,-375.78
-56.392,-374.98
-55.558,-374.17
-54.713,-373.37
-53.869,-372.57
-53.034,-371.76
-52.199,-370.96
-51.355,-370.15
-50.511,-369.35
-49.676,-368.53
-48.841,-367.72
-47.997,-366.92
-47.153,-366.11
-46.318,-365.29
-45.483,-364.47
-44.639,-363.65
-43.795,-362.84
-42.96,-362.02
-42.125,-361.19
-41.281,-360.38
-40.437,-359.57
-39.593,-358.74
-38.748,-357.92
-37.904,-357.1
-37.06,-356.27
-36.216,-355.45
-35.372,-354.63
-34.537,-353.82
-33.702,-353
-32.858,-352.18
-32.014,-351.36
-31.169,-350.53
-30.325,-349.71
-29.481,-348.88
-28.637,-348.05
-27.783,-347.23
-26.93,-346.42
-26.086,-345.6
-25.242,-344.77
-24.397,-343.96
-23.553,-343.15
-22.709,-342.33
-21.865,-341.52
-21.021,-340.7
-20.177,-339.87
-19.323,-339.06
-18.47,-338.25
-17.625,-337.43
-16.781,-336.62
-15.946,-335.8
-15.112,-334.97
-14.267,-334.15
-13.423,-333.33
-12.579,-332.51
-11.735,-331.7
-10.891,-330.89
-10.046,-330.07
-9.2023,-329.25
-8.3581,-328.43
-7.514,-327.61
-6.6698,-326.8
-5.8256,-325.99
-4.9814,-325.17
-4.128,-324.35
-3.2745,-323.53
-2.4304,-322.71
-1.5862,-321.9
-0.74203,-321.08
0.10214,-320.25
0.95559,-319.43
1.809,-318.61
2.6532,-317.79
3.4974,-316.98
4.3508,-316.16
5.2043,-315.34
6.0577,-314.51
6.9112,-313.69
7.7646,-312.86
8.6181,-312.04
9.4623,-311.23
10.306,-310.42
11.169,-309.59
12.032,-308.77
12.885,-307.96
13.739,-307.14
14.602,-306.32
15.464,-305.5
16.318,-304.67
17.171,-303.85
18.025,-303.04
18.878,-302.23
19.741,-301.41
20.603,-300.6
21.466,-299.77
22.329,-298.95
23.182,-298.14
24.036,-297.32
24.899,-296.5
25.761,-295.68
26.624,-294.86
27.487,-294.03
28.34,-293.21
29.194,-292.39
30.056,-291.57
30.919,-290.76
31.782,-289.94
32.645,-289.11
33.507,-288.28
34.37,-287.45
35.233,-286.63
36.095,-285.81
36.958,-284.98
37.821,-284.16
38.684,-283.34
39.546,-282.51
40.418,-281.69
41.29,-280.87
42.153,-280.05
43.016,-279.22
43.888,-278.39
44.76,-277.56
45.623,-276.73
46.485,-275.91
47.348,-275.08
48.211,-274.25
49.073,-273.42
49.936,-272.58
50.799,-271.75
51.662,-270.92
52.534,-270.09
53.406,-269.26
54.259,-268.42
55.113,-267.59
55.975,-266.76
56.838,-265.93
57.701,-265.09
58.563,-264.26
59.435,-263.43
60.307,-262.6
61.17,-261.76
62.033,-260.92
62.896,-260.09
63.758,-259.27
64.621,-258.43
65.484,-257.59
66.356,-256.75
67.228,-255.92
68.091,-255.08
68.953,-254.24
69.825,-253.41
70.697,-252.58
71.569,-251.75
72.441,-250.91
73.304,-250.07
74.167,-249.23
75.039,-248.39
75.911,-247.55
76.783,-246.71
77.655,-245.88
78.527,-245.06
79.399,-244.24
80.261,-243.41
81.124,-242.57
81.996,-241.74
82.868,-240.91
83.731,-240.08
84.594,-239.26
85.466,-238.44
86.338,-237.62
87.191,-236.79
88.045,-235.97
88.907,-235.16
89.77,-234.34
90.633,-233.53
91.495,-232.72
92.34,-231.91
93.184,-231.11
94.028,-230.31
94.872,-229.52
95.716,-228.71
96.56,-227.91
97.395,-227.11
98.23,-226.32
99.065,-225.52
99.9,-224.73
100.73,-223.94
101.57,-223.16
102.4,-222.37
103.22,-221.59
104.05,-220.8
104.87,-220.01
105.69,-219.23
106.51,-218.46
107.32,-217.69
108.14,-216.93
108.94,-216.16
109.75,-215.39
110.56,-214.62
111.37,-213.86
112.17,-213.09
112.98,-212.32
113.78,-211.55
114.58,-210.79
115.36,-210.03
116.15,-209.27
116.95,-208.51
117.75,-207.75
118.53,-207
119.31,-206.26
120.09,-205.51
120.87,-204.76
121.64,-204.02
122.42,-203.28
123.18,-202.54
123.95,-201.8
124.72,-201.06
125.5,-200.32
126.26,-199.58
127.02,-198.84
127.79,-198.12
128.55,-197.4
129.31,-196.67
130.07,-195.94
130.82,-195.21
131.57,-194.5
132.31,-193.78
133.05,-193.07
133.79,-192.37
134.52,-191.67
135.25,-190.96
135.99,-190.26
136.72,-189.57
137.45,-188.88
138.18,-188.18
138.9,-187.49
139.61,-186.8
140.33,-186.12
141.04,-185.44
141.76,-184.77
142.45,-184.1
143.15,-183.44
143.84,-182.78
144.54,-182.13
145.22,-181.48
145.89,-180.83
146.57,-180.19
147.25,-179.56
147.93,-178.92
148.6,-178.28
149.26,-177.66
149.92,-177.04
150.58,-176.43
151.24,-175.82
151.89,-175.22
152.54,-174.62
153.18,-174.03
153.83,-173.45
154.49,-172.89
155.15,-172.33
155.79,-171.77
156.43,-171.22
157.08,-170.67
157.73,-170.14
158.38,-169.62
159.03,-169.11
159.67,-168.59
160.31,-168.07
160.96,-167.57
161.61,-167.07
162.26,-166.58
162.91,-166.09
163.55,-165.63
164.19,-165.17
164.85,-164.71
165.5,-164.26
166.15,-163.83
166.8,-163.41
167.47,-163
168.14,-162.6
168.82,-162.21
169.49,-161.84
170.17,-161.49
170.85,-161.16
171.52,-160.83
172.2,-160.51
172.9,-160.21
173.59,-159.94
174.29,-159.68
174.99,-159.44
175.69,-159.21
176.4,-158.99
177.11,-158.8
177.82,-158.62
178.54,-158.46
179.25,-158.31
179.98,-158.18
180.7,-158.07
181.43,-157.97
182.17,-157.88
182.91,-157.82
183.65,-157.77
184.39,-157.74
185.13,-157.72
185.88,-157.71
186.62,-157.72
187.36,-157.73
188.1,-157.75
188.84,-157.79
189.59,-157.85
190.34,-157.92
191.09,-157.99
191.83,-158.08
192.57,-158.18
193.32,-158.28
194.08,-158.4
194.82,-158.54
195.56,-158.68
196.31,-158.82
197.06,-158.98
197.81,-159.13
198.57,-159.31
199.32,-159.5
200.07,-159.7
200.82,-159.9
201.57,-160.1
202.32,-160.32
203.07,-160.55
203.83,-160.78
204.58,-161.03
205.33,-161.27
206.08,-161.53
206.84,-161.79
207.6,-162.06
208.35,-162.34
209.1,-162.64
209.87,-162.95
210.63,-163.26
211.38,-163.59
212.13,-163.91
212.88,-164.25
213.63,-164.6
214.39,-164.95
215.15,-165.32
215.9,-165.69
216.66,-166.08
217.41,-166.46
218.16,-166.85
218.91,-167.26
219.66,-167.67
220.4,-168.08
221.15,-168.5
221.9,-168.92
222.65,-169.35
223.4,-169.79
224.15,-170.24
224.9,-170.69
225.65,-171.14
226.41,-171.59
227.18,-172.05
227.93,-172.52
228.68,-172.99
229.44,-173.46
230.2,-173.93
230.96,-174.41
231.72,-174.9
232.48,-175.38
233.24,-175.86
234,-176.34
234.76,-176.84
235.53,-177.33
236.3,-177.84
237.07,-178.34
237.84,-178.85
238.62,-179.36
239.4,-179.87
240.18,-180.38
240.96,-180.89
241.75,-181.4
242.54,-181.9
243.33,-182.41
244.11,-182.92
244.9,-183.44
245.69,-183.96
246.5,-184.47
247.31,-184.99
248.11,-185.51
248.92,-186.03
249.73,-186.54
250.53,-187.06
251.35,-187.59
252.17,-188.12
252.99,-188.64
253.82,-189.17
254.64,-189.7
255.47,-190.22
256.29,-190.76
257.12,-191.3
257.96,-191.82
258.81,-192.35
259.65,-192.89
260.5,-193.42
261.34,-193.96
262.19,-194.5
263.04,-195.03
263.89,-195.57
264.75,-196.11
265.6,-196.66
266.46,-197.21
267.32,-197.77
268.19,-198.32
269.05,-198.88
269.92,-199.43
270.79,-199.99
271.67,-200.54
272.54,-201.1
273.41,-201.66
274.28,-202.23
275.16,-202.79
276.04,-203.35
276.93,-203.92
277.81,-204.48
278.69,-205.04
279.57,-205.59
280.46,-206.16
281.35,-206.72
282.23,-207.27
283.11,-207.83
283.99,-208.39
284.88,-208.96
285.76,-209.51
286.64,-210.07
287.52,-210.62
288.4,-211.18
289.28,-211.73
290.16,-212.28
291.04,-212.84
291.93,-213.39
292.81,-213.94
293.69,-214.49
294.56,-215.04
295.43,-215.59
296.31,-216.14
297.2,-216.69
298.07,-217.22
298.94,-217.76
299.82,-218.3
300.7,-218.83
301.58,-219.36
302.46,-219.88
303.35,-220.4
304.23,-220.92
305.11,-221.43
305.99,-221.94
306.87,-222.43
307.75,-222.92
308.64,-223.41
309.53,-223.9
310.42,-224.37
311.31,-224.84
312.2,-225.3
313.1,-225.76
313.99,-226.22
314.88,-226.67
315.78,-227.12
316.68,-227.56
317.59,-228
318.49,-228.43
319.4,-228.85
320.31,-229.26
321.22,-229.67
322.13,-230.07
323.06,-230.47
323.99,-230.87
324.9,-231.25
325.82,-231.63
326.75,-232
327.68,-232.37
328.62,-232.73
329.55,-233.09
330.49,-233.44
331.43,-233.79
332.37,-234.13
333.32,-234.46
334.26,-234.77
335.21,-235.08
336.17,-235.39
337.12,-235.69
338.08,-235.98
339.03,-236.27
340,-236.56
340.96,-236.84
341.93,-237.11
342.89,-237.38
343.86,-237.63
344.82,-237.88
345.8,-238.12
346.77,-238.36
347.74,-238.59
348.72,-238.82
349.7,-239.05
350.68,-239.26
351.67,-239.46
352.65,-239.65
353.63,-239.85
354.62,-240.04
355.6,-240.21
356.58,-240.37
357.58,-240.54
358.57,-240.71
359.56,-240.85
360.55,-240.98
361.56,-241.11
362.56,-241.22
363.56,-241.34
364.56,-241.45
365.56,-241.54
366.57,-241.63
367.57,-241.71
368.57,-241.78
369.58,-241.85
370.59,-241.91
371.59,-241.96
372.6,-242
373.61,-242.04
374.62,-242.07
375.63,-242.1
376.64,-242.11
377.65,-242.12
378.66,-242.13
379.67,-242.13
380.68,-242.11
381.7,-242.09
382.71,-242.06
383.72,-242.02
384.73,-241.98
385.74,-241.93
386.75,-241.87
387.76,-241.81
388.77,-241.74
389.79,-241.66
390.8,-241.57
391.81,-241.48
392.82,-241.39
393.83,-241.29
394.84,-241.19
395.85,-241.07
396.86,-240.95
397.87,-240.82
398.87,-240.69
399.88,-240.55
400.89,-240.41
401.9,-240.25
402.91,-240.08
403.91,-239.91
404.92,-239.74
405.92,-239.55
406.92,-239.36
407.93,-239.16
408.94,-238.97
409.94,-238.76
410.95,-238.54
411.94,-238.32
412.93,-238.08
413.93,-237.83
414.93,-237.58
415.93,-237.32
416.92,-237.06
417.9,-236.8
418.89,-236.53
419.87,-236.24
420.85,-235.93
421.84,-235.63
422.82,-235.32
423.8,-235.01
424.79,-234.68
425.76,-234.34
426.73,-233.99
427.7,-233.65
428.66,-233.29
429.63,-232.92
430.59,-232.55
431.55,-232.18
432.5,-231.79
433.46,-231.4
434.42,-231
435.37,-230.59
436.33,-230.18
437.28,-229.77
438.24,-229.35
439.18,-228.93
440.13,-228.5
441.07,-228.06
442,-227.61
442.94,-227.16
443.88,-226.71
444.8,-226.24
445.73,-225.76
446.66,-225.28
447.59,-224.78
448.5,-224.28
449.41,-223.77
450.32,-223.24
451.22,-222.7
452.11,-222.15
453.01,-221.6
453.9,-221.05
454.79,-220.48
455.67,-219.89
456.55,-219.29
457.41,-218.69
458.27,-218.09
459.13,-217.48
459.98,-216.85
460.83,-216.21
461.69,-215.56
462.52,-214.9
463.36,-214.23
464.17,-213.55
464.99,-212.86
465.8,-212.16
466.61,-211.45
467.39,-210.74
468.18,-210.01
468.96,-209.27
469.74,-208.53
470.51,-207.78
471.28,-207.01
472.03,-206.23
472.78,-205.44
473.52,-204.65
474.25,-203.85
474.97,-203.04
475.7,-202.21
476.4,-201.38
477.11,-200.54
477.8,-199.7
478.5,-198.84
479.17,-197.98
479.85,-197.1
480.51,-196.22
481.17,-195.33
481.82,-194.43
482.47,-193.52
483.1,-192.6
483.73,-191.67
484.35,-190.73
484.97,-189.78
485.58,-188.83
486.18,-187.88
486.77,-186.92
487.37,-185.95
487.94,-184.98
488.52,-183.99
489.08,-183.01
489.65,-182.01
490.2,-181.01
490.76,-180
491.3,-178.98
491.84,-177.95
492.36,-176.91
492.88,-175.88
493.39,-174.83
493.9,-173.77
494.38,-172.7
494.86,-171.62
495.33,-170.54
495.81,-169.46
496.27,-168.37
496.74,-167.28
497.17,-166.19
497.61,-165.1
498.03,-163.99
498.46,-162.88
498.88,-161.77
499.3,-160.66
499.69,-159.54
500.09,-158.42
500.48,-157.3
500.87,-156.18
501.26,-155.06
501.65,-153.93
502.02,-152.8
502.39,-151.67
502.77,-150.54
503.14,-149.42
503.5,-148.28
503.86,-147.14
504.21,-146
504.56,-144.87
504.92,-143.73
505.27,-142.59
505.62,-141.46
505.98,-140.34
506.32,-139.2
506.66,-138.06
507,-136.92
507.35,-135.79
507.68,-134.65
508.02,-133.51
508.34,-132.38
508.67,-131.24
508.98,-130.1
509.3,-128.96
509.6,-127.82
509.91,-126.67
510.21,-125.52
510.52,-124.38
510.83,-123.24
511.13,-122.1
511.42,-120.96
511.71,-119.81
512,-118.67
512.28,-117.54
512.57,-116.39
512.86,-115.24
513.13,-114.11
513.4,-112.97
513.66,-111.82
513.92,-110.68
514.16,-109.53
514.4,-108.38
514.62,-107.24
514.84,-106.09
515.06,-104.94
515.27,-103.8
515.46,-102.65
515.64,-101.5
515.82,-100.35
515.99,-99.193
516.15,-98.047
516.31,-96.901
516.46,-95.747
516.61,-94.589
516.73,-93.434
516.85,-92.278
516.96,-91.12
517.07,-89.966
517.15,-88.82
517.24,-87.674
517.31,-86.518
517.39,-85.362
517.43,-84.216
517.48,-83.069
517.51,-81.914
517.53,-80.758
517.53,-79.61
517.53,-78.465
517.52,-77.319
517.5,-76.172
517.47,-75.027
517.44,-73.879
517.39,-72.723
517.33,-71.568
517.26,-70.42
517.18,-69.275
517.09,-68.127
517,-66.982
516.88,-65.844
516.77,-64.708
516.63,-63.569
516.49,-62.433
516.34,-61.304
516.18,-60.177
516,-59.048
515.83,-57.921
515.62,-56.802
515.42,-55.684
515.21,-54.564
514.99,-53.447
514.75,-52.336
514.51,-51.228
514.26,-50.116
514.01,-49.009
513.73,-47.916
513.45,-46.827
513.16,-45.734
512.86,-44.645
512.55,-43.57
512.25,-42.5
511.91,-41.426
511.58,-40.355
511.23,-39.295
510.89,-38.247
510.53,-37.211
510.17,-36.176
509.78,-35.137
509.39,-34.105
508.99,-33.092
508.59,-32.089
508.16,-31.088
507.74,-30.092
507.31,-29.108
506.88,-28.132
506.43,-27.165
505.98,-26.209
505.52,-25.269
505.07,-24.342
504.6,-23.422
504.14,-22.511
503.67,-21.609
503.21,-20.717
502.74,-19.84
502.26,-18.979
501.79,-18.139
501.32,-17.315
500.84,-16.506
500.35,-15.706
499.87,-14.915
499.39,-14.135
498.9,-13.369
498.41,-12.618
497.92,-11.881
497.44,-11.158
496.96,-10.448
496.48,-9.7523
495.98,-9.0715
495.49,-8.4025
495.01,-7.7421
494.53,-7.0896
494.04,-6.4455
493.54,-5.8137
493.06,-5.1973
492.58,-4.5933
492.09,-3.998
491.6,-3.4099
491.11,-2.8296
490.63,-2.2634
490.16,-1.7153
489.69,-1.1725
489.2,-0.62393
488.72,-0.081494
488.24,0.44219
487.76,0.954
487.27,1.4635
486.79,1.971
486.32,2.4744
485.84,2.9695
485.36,3.4536
484.88,3.9311
484.41,4.406
483.93,4.8741
483.47,5.3311
483.01,5.7802
482.54,6.2255
482.08,6.6677
481.62,7.1062
481.17,7.5368
480.71,7.9566
480.26,8.3689
479.82,8.7776
479.39,9.1825
478.95,9.5825
478.52,9.9776
478.08,10.368
477.64,10.754
477.23,11.136
476.81,11.512
476.39,11.885
475.97,12.252
475.57,12.614
475.16,12.973
474.75,13.329
474.34,13.676
473.94,14.01
473.54,14.342
473.15,14.682
472.76,15.026
472.38,15.362
471.99,15.691
471.61,16.016
471.24,16.339
470.87,16.663
470.5,16.986
470.14,17.303
469.78,17.614
469.43,17.92
469.07,18.225
468.73,18.531
468.39,18.835
468.04,19.132
467.7,19.427
467.37,19.724
467.03,20.018
466.7,20.306
466.36,20.591
466.04,20.879
465.71,21.165
465.39,21.443
465.07,21.719
464.75,21.998
464.43,22.274
464.13,22.544
463.82,22.81
463.52,23.078
463.21,23.347
462.9,23.616
462.6,23.883
462.3,24.143
462,24.401
461.71,24.659
461.41,24.918
461.11,25.179
460.82,25.436
460.53,25.687
460.24,25.935
459.95,26.187
459.67,26.435
459.39,26.675
459.11,26.915
458.83,27.165
458.55,27.415
458.27,27.657
458,27.895
457.73,28.137
457.46,28.376
457.19,28.607
456.92,28.838
456.65,29.078
456.38,29.319
456.11,29.554
455.84,29.782
455.58,30.003
455.32,30.225
455.06,30.456
454.81,30.688
454.55,30.911
454.3,31.131
454.04,31.353
453.78,31.575
453.53,31.797
453.28,32.019
453.04,32.243
452.8,32.463
452.56,32.675
452.32,32.888
452.07,33.11
451.82,33.332
451.58,33.545
451.34,33.757
451.09,33.979
450.85,34.201
450.61,34.415
450.37,34.626
450.14,34.839
449.91,35.051
449.66,35.263
449.41,35.477
449.16,35.697
448.92,35.921
448.67,36.143
448.42,36.364
448.17,36.585
447.92,36.808
447.67,37.037
447.42,37.27
447.16,37.503
446.9,37.733
446.65,37.956
446.4,38.176
446.15,38.396
445.9,38.62
445.64,38.851
445.38,39.083
445.13,39.307
444.88,39.526
444.63,39.746
444.38,39.97
444.13,40.201
443.88,40.432
443.62,40.656
443.36,40.876
443.11,41.098
442.86,41.32
442.6,41.54
442.34,41.764
442.09,41.995
441.84,42.226
441.58,42.448
441.32,42.67
441.06,42.9
440.8,43.132
440.55,43.356
440.3,43.576
440.04,43.795
439.78,44.02
439.52,44.251
439.26,44.482
439,44.704
438.74,44.926
438.48,45.155
438.22,45.388
437.95,45.618
437.68,45.85
437.42,46.091
437.16,46.331
436.9,46.562
436.64,46.793
436.37,47.034
436.1,47.274
435.83,47.505
435.57,47.736
435.3,47.977
435.03,48.217
434.76,48.448
434.49,48.679
434.22,48.919
433.95,49.16
433.69,49.393
433.43,49.622
433.16,49.853
432.89,50.085
432.63,50.316
432.37,50.547
432.11,50.778
431.85,51.009
431.6,51.242
431.34,51.472
431.08,51.693
430.82,51.915
430.56,52.146
430.3,52.378
430.04,52.602
429.78,52.821
429.53,53.041
429.28,53.265
429.02,53.497
428.76,53.727
428.5,53.95
428.24,54.171
427.97,54.4
427.7,54.633
427.44,54.866
427.18,55.096
426.91,55.325
426.64,55.558
426.37,55.797
426.1,56.039
425.83,56.28
425.57,56.52
425.29,56.759
425.01,57
424.72,57.246
424.43,57.5
424.16,57.76
423.88,58.017
423.59,58.265
423.3,58.517
423,58.783
422.71,59.053
422.42,59.313
422.13,59.571
421.83,59.837
421.52,60.107
421.22,60.374
420.93,60.643
420.62,60.919
420.31,61.198
420.01,61.476
419.7,61.753
419.4,62.028
419.09,62.307
418.78,62.594
418.48,62.881
418.16,63.158
417.85,63.435
417.53,63.72
417.22,64.008
416.89,64.294
416.57,64.582
416.25,64.878
415.94,65.173
415.61,65.461
415.29,65.747
414.96,66.039
414.64,66.338
414.3,66.644
413.97,66.949
413.64,67.246
413.32,67.54
412.99,67.834
412.65,68.132
412.32,68.436
411.98,68.742
411.64,69.048
411.3,69.352
410.95,69.655
410.61,69.963
410.27,70.277
409.92,70.591
409.58,70.897
409.24,71.201
408.89,71.514
408.53,71.83
408.18,72.144
407.83,72.459
407.48,72.781
407.12,73.106
406.76,73.431
406.4,73.753
406.04,74.075
405.68,74.4
405.31,74.734
404.95,75.066
404.58,75.39
404.21,75.713
403.84,76.045
403.47,76.379
403.09,76.711
402.71,77.045
402.33,77.385
401.95,77.729
401.57,78.071
401.19,78.413
400.81,78.755
400.43,79.097
400.04,79.438
399.65,79.781
399.26,80.129
398.87,80.484
398.48,80.845
398.09,81.205
397.69,81.557
397.29,81.908
396.89,82.267
396.49,82.629
396.09,82.988
395.69,83.35
395.29,83.72
394.88,84.09
394.46,84.451
394.04,84.811
393.64,85.179
393.23,85.551
392.81,85.919
392.39,86.29
391.97,86.668
391.54,87.048
391.12,87.428
390.7,87.806
390.28,88.186
389.85,88.565
389.41,88.942
388.98,89.323
388.55,89.71
388.12,90.099
387.69,90.488
387.25,90.876
386.82,91.265
386.38,91.653
385.94,92.039
385.51,92.429
385.07,92.827
384.64,93.224
384.2,93.613
383.76,94.001
383.32,94.396
382.87,94.796
382.44,95.196
382,95.591
381.56,95.979
381.11,96.368
380.68,96.764
380.24,97.163
379.79,97.561
379.33,97.958
378.89,98.355
378.44,98.753
377.99,99.151
377.55,99.548
377.1,99.946
376.66,100.34
376.2,100.74
375.75,101.14
375.3,101.53
374.84,101.93
374.4,102.34
373.95,102.75
373.5,103.15
373.04,103.54
372.59,103.94
372.13,104.34
371.69,104.74
371.24,105.15
370.79,105.55
370.33,105.95
369.89,106.34
369.44,106.74
369,107.14
368.55,107.54
368.11,107.93
367.66,108.31
367.22,108.7
366.79,109.09
366.35,109.48
365.92,109.87
365.48,110.26
365.04,110.64
364.62,111.02
364.19,111.4
363.77,111.79
363.36,112.18
362.94,112.56
362.52,112.95
362.1,113.35
361.69,113.75
361.28,114.14
360.87,114.53
360.46,114.92
360.05,115.32
359.65,115.72
359.26,116.12
358.86,116.52
358.46,116.93
358.06,117.34
357.66,117.74
357.27,118.16
356.88,118.58
356.49,119
356.1,119.43
355.71,119.85
355.32,120.28
354.94,120.71
354.56,121.15
354.18,121.59
353.8,122.03
353.43,122.47
353.06,122.92
352.69,123.38
352.32,123.85
351.96,124.31
351.59,124.77
351.25,125.24
350.91,125.71
350.56,126.2
350.22,126.69
349.89,127.19
349.55,127.69
349.23,128.2
348.9,128.71
348.6,129.23
348.29,129.76
347.99,130.29
347.7,130.82
347.41,131.36
347.12,131.91
346.85,132.46
346.58,133.02
346.32,133.58
346.06,134.14
345.81,134.73
345.56,135.31
345.33,135.89
345.1,136.47
344.89,137.06
344.67,137.66
344.47,138.27
344.26,138.88
344.08,139.49
343.89,140.1
343.72,140.73
343.54,141.36
343.38,141.98
343.23,142.61
343.08,143.26
342.93,143.91
342.8,144.55
342.67,145.2
342.56,145.87
342.45,146.53
342.35,147.2
342.26,147.87
342.19,148.53
342.11,149.2
342.05,149.87
341.98,150.55
341.94,151.23
341.89,151.91
341.86,152.6
341.83,153.28
341.83,153.98
341.82,154.67
341.83,155.36
341.83,156.04
341.85,156.73
341.87,157.43
341.91,158.13
341.95,158.83
341.99,159.52
342.04,160.22
342.11,160.92
342.19,161.62
342.28,162.32
342.37,163.01
342.48,163.7
342.6,164.4
342.72,165.09
342.85,165.78
343,166.47
343.15,167.15
343.32,167.85
343.49,168.54
343.67,169.22
343.86,169.89
344.07,170.55
344.28,171.22
344.52,171.89
344.75,172.55
344.99,173.21
345.23,173.86
345.5,174.52
345.77,175.18
346.06,175.81
346.34,176.43
346.65,177.06
346.96,177.69
347.29,178.31
347.62,178.91
347.97,179.52
348.31,180.11
348.68,180.7
349.05,181.28
349.44,181.86
349.83,182.43
350.24,182.98
350.65,183.53
351.06,184.09
351.48,184.63
351.92,185.15
352.35,185.66
352.81,186.18
353.26,186.7
353.74,187.19
354.21,187.68
354.69,188.15
355.17,188.62
355.68,189.09
356.18,189.56
356.68,190.03
357.18,190.49
357.7,190.94
358.22,191.39
358.74,191.84
359.26,192.28
359.78,192.72
360.31,193.15
360.86,193.58
361.41,194.02
361.96,194.45
362.5,194.89
363.06,195.32
363.62,195.76
364.18,196.19
364.75,196.63
365.32,197.06
365.9,197.5
366.47,197.92
367.05,198.35
367.63,198.78
368.22,199.21
368.82,199.64
369.42,200.07
370.03,200.49
370.63,200.92
371.24,201.34
371.85,201.77
372.48,202.18
373.1,202.6
373.72,203.01
374.34,203.43
374.97,203.85
375.6,204.26
376.23,204.67
376.86,205.08
377.49,205.48
378.12,205.87
378.76,206.27
379.39,206.67
380.02,207.07
380.65,207.46
381.29,207.84
381.93,208.22
382.57,208.59
383.21,208.96
383.85,209.32
384.49,209.68
385.14,210.04
385.79,210.4
386.45,210.75
387.1,211.09
387.76,211.43
388.42,211.77
389.09,212.12
389.76,212.45
390.43,212.78
391.11,213.1
391.8,213.44
392.48,213.77
393.17,214.08
393.86,214.4
394.55,214.71
395.25,215.02
395.96,215.33
396.68,215.64
397.39,215.95
398.11,216.26
398.82,216.56
399.54,216.86
400.27,217.15
401,217.45
401.73,217.74
402.47,218.02
403.22,218.3
403.97,218.58
404.72,218.85
405.47,219.13
406.23,219.4
406.99,219.67
407.75,219.93
408.51,220.18
409.28,220.44
410.05,220.68
410.84,220.92
411.63,221.16
412.42,221.4
413.21,221.64
414,221.89
414.79,222.13
415.59,222.35
416.4,222.57
417.21,222.79
418.01,223.01
418.83,223.23
419.65,223.44
420.46,223.65
421.28,223.86
422.11,224.06
422.93,224.25
423.77,224.45
424.62,224.64
425.45,224.83
426.29,225.01
427.13,225.19
427.98,225.36
428.83,225.53
429.68,225.69
430.54,225.84
431.39,225.99
432.25,226.14
433.12,226.29
433.99,226.42
434.86,226.54
435.73,226.68
436.6,226.8
437.48,226.92
438.35,227.03
439.23,227.13
440.11,227.23
441,227.32
441.89,227.41
442.78,227.5
443.67,227.58
444.56,227.66
445.45,227.73
446.35,227.8
447.25,227.86
448.16,227.91
449.07,227.97
449.97,228.03
450.87,228.08
451.78,228.12
452.69,228.15
453.61,228.18
454.53,228.21
455.45,228.23
456.36,228.25
457.28,228.25
458.2,228.25
459.13,228.25
460.06,228.25
460.98,228.23
461.91,228.21
462.84,228.18
463.77,228.15
464.7,228.11
465.64,228.06
466.57,228.01
467.5,227.95
468.43,227.88
469.37,227.8
470.31,227.72
471.24,227.64
472.18,227.54
473.12,227.43
474.06,227.32
475.01,227.19
475.95,227.06
476.88,226.93
477.83,226.8
478.78,226.66
479.71,226.51
480.65,226.36
481.6,226.2
482.54,226.05
483.49,225.89
484.43,225.73
485.39,225.58
486.35,225.42
487.29,225.25
488.24,225.08
489.18,224.92
490.13,224.75
491.09,224.58
492.04,224.4
492.99,224.23
493.93,224.07
494.89,223.89
495.84,223.72
496.8,223.55
497.76,223.38
498.71,223.22
499.67,223.05
500.63,222.89
501.6,222.74
502.55,222.57
503.51,222.4
504.47,222.24
505.44,222.07
506.39,221.9
507.35,221.74
508.31,221.57
509.28,221.4
510.23,221.24
511.19,221.07
512.15,220.9
513.12,220.74
514.08,220.57
515.05,220.41
516.01,220.24
516.98,220.07
517.94,219.9
518.91,219.74
519.87,219.58
520.84,219.43
521.8,219.26
522.77,219.09
523.73,218.94
524.7,218.78
525.66,218.61
526.62,218.45
527.59,218.29
528.55,218.13
529.52,217.97
530.48,217.8
531.45,217.63
532.41,217.47
533.38,217.3
534.34,217.13
535.32,216.97
536.29,216.8
537.26,216.63
538.22,216.47
539.19,216.3
540.15,216.13
541.11,215.96
542.08,215.78
543.04,215.62
544.01,215.45
544.96,215.28
545.92,215.1
546.88,214.93
547.85,214.77
548.81,214.6
549.76,214.43
550.73,214.26
551.69,214.08
552.65,213.91
553.6,213.75
554.56,213.58
555.51,213.42
556.48,213.25
557.44,213.08
558.41,212.92
559.37,212.75
560.35,212.58
561.32,212.42
562.29,212.26
563.27,212.1
564.25,211.94
565.23,211.77
566.21,211.61
567.18,211.46
568.17,211.29
569.15,211.12
570.13,210.96
571.12,210.81
572.1,210.65
573.08,210.49
574.07,210.34
575.05,210.18
576.03,210.01
577.02,209.85
578,209.69
578.98,209.53
579.97,209.38
580.95,209.22
581.92,209.06
582.9,208.9
583.87,208.75
584.84,208.59
585.82,208.43
586.79,208.28
587.76,208.13
588.72,207.98
589.69,207.83
590.65,207.68
591.63,207.54
592.6,207.41
593.56,207.27
594.53,207.13
595.49,207.01
596.46,206.89
597.43,206.77
598.41,206.65
599.38,206.53
600.36,206.43
601.32,206.32
602.28,206.22
603.26,206.14
604.23,206.06
605.21,205.98
606.18,205.91
607.16,205.85
608.13,205.8
609.11,205.75
610.1,205.71
611.07,205.66
612.04,205.63
613.02,205.62
613.99,205.61
614.98,205.62
615.96,205.63
616.93,205.65
617.91,205.67
618.89,205.7
619.87,205.74
620.85,205.8
621.82,205.87
622.8,205.95
623.77,206.04
624.74,206.14
625.72,206.24
626.69,206.36
627.67,206.48
628.64,206.62
629.61,206.78
630.59,206.94
631.56,207.11
632.53,207.29
633.49,207.48
634.47,207.69
635.44,207.91
636.4,208.13
637.37,208.37
638.32,208.61
639.28,208.87
640.24,209.14
641.21,209.42
642.17,209.7
643.14,210
644.09,210.3
645.05,210.62
646.01,210.96
646.96,211.31
647.91,211.66
648.85,212.03
649.79,212.41
650.73,212.81
651.66,213.22
652.6,213.64
653.54,214.06
654.48,214.49
655.41,214.94
656.35,215.39
657.28,215.86
658.2,216.34
659.13,216.83
660.06,217.32
660.99,217.81
661.92,218.3
662.84,218.8
663.77,219.31
664.7,219.83
665.63,220.35
666.56,220.87
667.5,221.39
668.44,221.91
669.37,222.44
670.3,222.97
671.23,223.51
672.17,224.05
673.1,224.6
674.04,225.17
674.98,225.73
675.91,226.29
676.85,226.84
677.79,227.41
678.72,227.99
679.66,228.56
680.6,229.13
681.54,229.71
682.49,230.28
683.44,230.86
684.38,231.44
685.33,232.03
686.28,232.61
687.22,233.18
688.17,233.76
689.12,234.34
690.08,234.92
691.03,235.51
691.99,236.09
692.95,236.66
693.92,237.23
694.87,237.81
695.83,238.4
696.8,238.98
697.76,239.56
698.72,240.13
699.69,240.71
700.65,241.29
701.62,241.87
702.59,242.45
703.57,243.02
704.54,243.61
705.52,244.2
706.49,244.79
707.46,245.37
708.45,245.95
709.43,246.53
710.4,247.12
711.38,247.7
712.35,248.29
713.33,248.88
714.31,249.48
715.29,250.08
716.28,250.68
717.26,251.27
718.24,251.86
719.23,252.47
720.2,253.08
721.17,253.69
722.17,254.29
723.16,254.89
724.14,255.5
725.13,256.11
726.12,256.72
727.11,257.33
728.09,257.94
729.08,258.55
730.07,259.16
731.06,259.77
732.06,260.39
733.05,261.01
734.04,261.62
735.03,262.23
736.03,262.84
737.02,263.45
738.01,264.07
739,264.69
740,265.3
740.99,265.91
741.99,266.52
742.99,267.13
743.99,267.74
745,268.35
746,268.96
747,269.57
748,270.18
749,270.79
750.02,271.4
751.03,272.01
752.03,272.62
753.03,273.23
754.03,273.85
755.03,274.46
756.04,275.06
757.06,275.68
758.07,276.3
759.08,276.91
760.08,277.52
761.08,278.13
762.1,278.75
763.12,279.37
764.12,279.98
765.13,280.59
766.14,281.21
767.15,281.83
768.17,282.46
769.19,283.09
770.2,283.71
771.21,284.33
772.22,284.96
773.23,285.59
774.25,286.22
775.28,286.84
776.29,287.47
777.3,288.1
778.31,288.73
779.32,289.36
780.33,290
781.34,290.63
782.34,291.27
783.35,291.91
784.35,292.56
785.35,293.2
786.34,293.85
787.34,294.5
788.33,295.14
789.32,295.79
790.3,296.46
791.29,297.13
792.27,297.79
793.25,298.46
794.23,299.13
795.2,299.81
796.17,300.49
797.13,301.17
798.11,301.87
799.08,302.56
800.04,303.25
801.01,303.95
801.96,304.64
802.92,305.35
803.88,306.08
804.83,306.81
805.78,307.54
806.72,308.28
807.66,309.01
808.6,309.75
809.53,310.51
810.47,311.27
811.4,312.05
812.33,312.82
813.25,313.6
814.18,314.38
815.1,315.17
816.02,315.97
816.93,316.77
817.84,317.58
818.73,318.39
819.62,319.2
820.51,320.03
821.4,320.87
822.28,321.71
823.16,322.55
824.03,323.39
824.91,324.23
825.76,325.09
826.61,325.95
827.47,326.81
828.34,327.67
829.18,328.54
830.03,329.41
830.86,330.29
831.7,331.19
832.52,332.08
833.35,332.98
834.16,333.87
834.98,334.77
835.79,335.68
836.59,336.6
837.39,337.53
838.19,338.45
838.97,339.38
839.75,340.3
840.53,341.23
841.31,342.17
842.09,343.11
842.86,344.06
843.63,345.01
844.39,345.98
845.14,346.94
845.89,347.9
846.64,348.87
847.39,349.84
848.12,350.81
848.86,351.78
849.59,352.76
850.32,353.74
851.05,354.73
851.77,355.7
852.48,356.68
853.2,357.66
853.9,358.65
854.61,359.64
855.3,360.63
855.98,361.62
856.66,362.61
857.34,363.6
858,364.61
858.67,365.62
859.33,366.62
859.99,367.61
860.63,368.62
861.27,369.63
861.91,370.64
862.55,371.64
863.17,372.65
863.79,373.66
864.41,374.67
865.02,375.67
865.63,376.67
866.24,377.67
866.85,378.68
867.47,379.69
868.07,380.69
868.67,381.68
869.27,382.68
869.86,383.68
870.45,384.68
871.05,385.68
871.64,386.67
872.23,387.66
872.82,388.65
873.4,389.65
873.99,390.65
874.57,391.63
875.15,392.61
875.72,393.59
876.3,394.58
876.87,395.57
877.44,396.56
878,397.55
878.57,398.53
879.14,399.51
879.7,400.49
880.27,401.47
880.82,402.44
881.38,403.41
881.94,404.38
882.49,405.35
883.05,406.32
883.61,407.28
884.16,408.24
884.7,409.2
885.25,410.16
885.8,411.12
886.34,412.08
886.89,413.03
887.44,413.97
887.99,414.91
888.53,415.85
889.08,416.78
889.63,417.71
890.18,418.65
890.71,419.58
891.25,420.52
891.8,421.44
892.35,422.36
892.88,423.3
893.42,424.23
893.96,425.15
894.5,426.06
895.03,426.98
895.56,427.89
896.09,428.81
896.63,429.72
897.16,430.64
897.69,431.55
898.22,432.45
898.75,433.35
899.28,434.24
899.8,435.14
900.32,436.04
900.84,436.94
901.36,437.83
901.88,438.71
902.39,439.59
902.9,440.47
903.41,441.34
903.92,442.21
904.43,443.07
904.94,443.94
905.45,444.81
905.96,445.68
906.47,446.55
906.98,447.4
907.49,448.25
907.99,449.1
908.49,449.96
908.99,450.82
909.48,451.67
909.97,452.51
910.47,453.36
910.97,454.21
911.47,455.05
911.96,455.89
912.45,456.73
912.94,457.57
913.43,458.41
913.92,459.24
914.41,460.07
914.89,460.9
915.37,461.73
915.85,462.56
916.34,463.4
916.82,464.23
917.3,465.05
917.78,465.87
918.26,466.7
918.73,467.52
919.21,468.34
919.69,469.17
920.17,469.99
920.64,470.81
921.11,471.63
921.59,472.44
922.06,473.25
922.53,474.07
923.01,474.88
923.48,475.69
923.95,476.5
924.42,477.3
924.9,478.11
925.37,478.91
925.84,479.71
926.32,480.52
926.78,481.33
927.25,482.13
927.72,482.92
928.19,483.72
928.66,484.52
929.14,485.33
929.61,486.11
930.08,486.9
930.55,487.69
931.01,488.49
931.48,489.28
931.96,490.06
932.42,490.85
932.89,491.63
933.35,492.41
933.81,493.19
934.27,493.95
934.72,494.72
935.19,495.5
935.65,496.27
936.1,497.03
936.56,497.79
937.01,498.55
937.47,499.32
937.92,500.09
938.38,500.86
938.83,501.62
939.29,502.38
939.74,503.14
940.2,503.91
940.65,504.67
941.1,505.43
941.56,506.19
942.01,506.96
942.47,507.73
942.92,508.5
943.38,509.27
943.83,510.03
944.29,510.79
944.74,511.55
945.2,512.31
945.65,513.08
946.1,513.85
946.56,514.62
947.01,515.38
947.47,516.15
947.91,516.92
948.36,517.69
948.81,518.46
949.27,519.24
949.73,520.01
950.2,520.77
950.65,521.54
951.1,522.31
951.56,523.09
952.01,523.86
952.47,524.63
952.92,525.4
953.38,526.16
953.83,526.93
954.3,527.71
954.76,528.48
955.21,529.25
955.67,530.02
956.12,530.8
956.58,531.57
957.04,532.34
957.51,533.11
957.96,533.88
958.41,534.66
958.88,535.44
959.34,536.21
959.8,536.98
960.25,537.75
960.71,538.52
961.16,539.3
961.61,540.08
962.07,540.86
962.53,541.63
963,542.41
963.45,543.18
963.91,543.94
964.36,544.72
964.82,545.5
965.27,546.28
965.72,547.05
966.17,547.82
966.62,548.58
967.06,549.35
967.51,550.12
967.95,550.88
968.4,551.64
968.84,552.39
969.29,553.15
969.72,553.9
970.16,554.65
970.59,555.4
971.03,556.15
971.48,556.89
971.92,557.63
972.36,558.36
972.79,559.09
973.23,559.83
973.67,560.57
974.09,561.3
974.52,562.03
974.95,562.76
975.37,563.49
975.8,564.21
976.23,564.93
976.64,565.65
977.06,566.37
977.49,567.09
977.91,567.8
978.33,568.51
978.75,569.22
979.16,569.94
979.57,570.64
979.98,571.34
980.4,572.03
980.81,572.72
981.22,573.42
981.62,574.11
982.03,574.81
982.43,575.5
982.83,576.19
983.24,576.87
983.65,577.54
984.04,578.22
984.43,578.89
984.82,579.55
985.21,580.2
985.6,580.85
985.98,581.5
986.36,582.14
986.73,582.77
987.1,583.4
987.47,584.01
987.83,584.63
988.19,585.23
988.55,585.84
988.9,586.44
989.25,587.02
989.6,587.6
989.95,588.19
990.29,588.77
990.62,589.33
990.96,589.89
991.28,590.45
991.61,591
991.93,591.55
992.26,592.09
992.57,592.62
992.89,593.15
993.2,593.68
993.52,594.2
993.82,594.72
994.13,595.22
994.43,595.72
994.72,596.22
995.01,596.71
995.3,597.2
995.58,597.67
995.85,598.14
996.13,598.61
996.41,599.08
996.67,599.55
996.93,600.01
997.18,600.46
997.43,600.91
997.66,601.37
997.9,601.82
998.12,602.26
998.34,602.69
998.55,603.13
998.75,603.58
998.93,604.01
999.12,604.45
999.3,604.89
999.47,605.33
999.63,605.78
999.79,606.22
999.93,606.66
1000.1,607.11
1000.2,607.56
1000.3,608.01
1000.3,608.47
1000.4,608.92
1000.5,609.38
1000.5,609.83
1000.5,610.27
1000.5,610.71
1000.5,611.16
1000.5,611.6
1000.4,612.02
1000.4,612.43
1000.3,612.85
1000.2,613.27
1000.1,613.67
999.94,614.06
999.79,614.44
999.64,614.82
999.45,615.19
999.27,615.54
999.06,615.88
998.86,616.21
998.62,616.52
998.38,616.82
998.11,617.1
997.84,617.37
997.55,617.63
997.27,617.87
996.96,618.09
996.65,618.28
996.32,618.45
995.98,618.61
995.64,618.76
995.3,618.89
994.94,619
994.57,619.09
994.2,619.16
993.83,619.22
993.45,619.26
993.07,619.29
992.68,619.31
992.29,619.31
991.89,619.31
991.49,619.29
991.09,619.28
990.68,619.26
990.26,619.24
989.84,619.22
989.42,619.18
988.99,619.15
988.55,619.12
988.12,619.09
987.67,619.06
987.23,619.02
986.78,618.97
986.34,618.92
985.88,618.89
985.43,618.85
984.96,618.82
984.5,618.78
984.04,618.73
983.57,618.68
983.09,618.64
982.61,618.61
982.13,618.58
981.64,618.55
981.15,618.54
980.66,618.52
980.17,618.5
979.68,618.48
979.18,618.46
978.67,618.44
978.17,618.43
977.67,618.41
977.16,618.39
976.65,618.37
976.14,618.36
975.63,618.35
975.11,618.33
974.59,618.31
974.06,618.3
973.54,618.28
973.01,618.26
972.48,618.24
971.94,618.23
971.4,618.22
970.86,618.21
970.33,618.2
969.78,618.2
969.23,618.2
968.67,618.2
968.12,618.2
967.56,618.21
967,618.22
966.45,618.23
965.89,618.24
965.33,618.27
964.76,618.31
964.19,618.35
963.63,618.39
963.05,618.45
962.48,618.52
961.9,618.59
961.33,618.67
960.75,618.75
960.18,618.85
959.6,618.96
959.03,619.07
958.45,619.2
957.88,619.33
957.3,619.47
956.73,619.63
956.16,619.8
955.59,619.98
955.02,620.17
954.44,620.37
953.88,620.58
953.31,620.81
952.75,621.04
952.18,621.29
951.62,621.56
951.07,621.83
950.51,622.1
949.95,622.38
949.41,622.68
948.86,622.99
948.32,623.32
947.78,623.66
947.25,624
946.71,624.36
946.18,624.73
945.65,625.12
945.14,625.51
944.63,625.91
944.12,626.33
943.61,626.76
943.12,627.2
942.63,627.65
942.13,628.11
941.64,628.58
941.16,629.05
940.68,629.54
940.21,630.04
939.75,630.56
939.3,631.07
938.84,631.59
938.4,632.12
937.97,632.66
937.54,633.22
937.12,633.79
936.71,634.36
936.3,634.94
935.9,635.52
935.5,636.12
935.11,636.73
934.72,637.34
934.36,637.97
934,638.6
933.66,639.23
933.31,639.87
932.99,640.53
932.66,641.19
932.36,641.85
932.05,642.52
931.76,643.2
931.48,643.89
931.22,644.58
930.96,645.27
930.71,645.98
930.47,646.7
930.26,647.42
930.05,648.14
929.86,648.88
929.68,649.62
929.51,650.36
929.34,651.1
929.2,651.85
929.06,652.62
928.95,653.37
928.84,654.13
928.75,654.9
928.66,655.67
928.6,656.44
928.54,657.22
928.52,658
928.49,658.77
928.49,659.55
928.49,660.33
928.53,661.11
928.56,661.9
928.62,662.68
928.67,663.45
928.76,664.23
928.84,665
928.96,665.78
929.08,666.56
929.22,667.34
929.36,668.11
929.52,668.88
929.68,669.65
929.86,670.4
930.05,671.16
930.24,671.92
930.44,672.68
930.65,673.44
930.86,674.19
931.09,674.95
931.33,675.71
931.56,676.46
931.79,677.21
932.03,677.96
932.27,678.71
932.52,679.46
932.77,680.2
933.02,680.95
933.26,681.7
933.51,682.46
933.76,683.22
934.01,683.97
934.26,684.72
934.5,685.47
934.74,686.23
934.99,687
935.24,687.77
935.47,688.53
935.71,689.3
935.94,690.07
936.17,690.84
936.39,691.6
936.61,692.37
936.83,693.15
937.04,693.92
937.24,694.71
937.43,695.5
937.62,696.29
937.8,697.09
937.97,697.88
938.14,698.68
938.28,699.47
938.43,700.27
938.56,701.08
938.69,701.89
938.81,702.71
938.93,703.52
939.03,704.33
939.12,705.15
939.2,705.97
939.29,706.79
939.34,707.62
939.4,708.44
939.44,709.26
939.49,710.09
939.51,710.92
939.53,711.75
939.53,712.57
939.53,713.4
939.5,714.23
939.47,715.06
939.43,715.89
939.4,716.72
939.34,717.56
939.29,718.41
939.21,719.24
939.14,720.07
939.05,720.9
938.97,721.73
938.86,722.57
938.75,723.4
938.64,724.22
938.53,725.04
938.39,725.87
938.25,726.69
938.11,727.51
937.97,728.34
937.8,729.15
937.63,729.96
937.47,730.78
937.3,731.59
937.11,732.4
936.91,733.2
936.72,734
936.52,734.79
936.31,735.58
936.09,736.36
935.86,737.13
935.63,737.9
935.39,738.66
935.15,739.43
934.9,740.19
934.65,740.95
934.39,741.7
934.13,742.44
933.86,743.2
933.59,743.94
933.32,744.68
933.05,745.4
932.76,746.13
932.48,746.86
932.2,747.59
931.92,748.31
931.63,749.02
931.35,749.73
931.06,750.44
930.77,751.15
930.48,751.86
930.2,752.56
929.91,753.25
929.62,753.95
929.33,754.65
929.04,755.35
928.76,756.05
928.47,756.74
928.18,757.43
927.89,758.13
927.6,758.82
927.3,759.51
927.01,760.2
926.73,760.88
926.43,761.56
926.13,762.25
925.84,762.93
925.54,763.62
925.24,764.3
924.94,764.99
924.64,765.67
924.33,766.35
924.03,767.02
923.72,767.69
923.4,768.36
923.09,769.03
922.77,769.7
922.46,770.37
922.14,771.03
921.83,771.7
921.51,772.36
921.2,773.03
920.87,773.7
920.55,774.36
920.22,775.02
919.9,775.67
919.57,776.34
919.25,777
918.91,777.66
918.58,778.32
918.26,778.98
917.93,779.63
917.6,780.28
917.26,780.92
916.92,781.58
916.58,782.24
916.24,782.88
915.91,783.51
915.57,784.16
915.22,784.81
914.87,785.46
914.52,786.1
914.17,786.74
913.83,787.38
913.48,788.02
913.13,788.67
912.77,789.31
912.42,789.95
912.06,790.59
911.7,791.22
911.34,791.86
910.99,792.5
910.62,793.14
910.25,793.78
909.89,794.4
909.53,795.03
909.16,795.67
908.78,796.31
908.4,796.94
908.02,797.57
907.65,798.19
907.28,798.81
906.9,799.43
906.52,800.06
906.13,800.69
905.74,801.32
905.36,801.94
904.98,802.56
904.59,803.19
904.2,803.82
903.8,804.44
903.4,805.06
903.01,805.67
902.62,806.29
902.23,806.92
901.83,807.53
901.43,808.14
901.03,808.75
900.62,809.37
900.21,809.99
899.8,810.6
899.4,811.21
898.99,811.82
898.58,812.43
898.17,813.04
897.76,813.64
897.36,814.24
896.95,814.84
896.54,815.43
896.13,816.02
895.72,816.62
895.31,817.22
894.91,817.82
894.5,818.41
894.08,819
893.66,819.59
893.26,820.17
892.85,820.75
892.43,821.34
892.01,821.92
891.6,822.49
891.18,823.07
890.76,823.64
890.34,824.21
889.92,824.79
889.49,825.36
889.06,825.93
888.64,826.51
888.21,827.07
887.78,827.63
887.36,828.19
886.93,828.74
886.5,829.3
886.08,829.85
885.65,830.41
885.22,830.96
884.79,831.51
884.35,832.05
883.92,832.6
883.5,833.14
883.06,833.68
882.62,834.22
882.2,834.75
881.77,835.29
881.34,835.82
880.9,836.36
880.47,836.9
880.05,837.43
879.62,837.95
879.19,838.47
878.76,838.99
878.32,839.52
877.89,840.04
877.47,840.56
877.04,841.07
876.61,841.58
876.19,842.08
875.76,842.57
875.33,843.07
874.91,843.57
874.49,844.07
874.07,844.55
873.65,845.04
873.24,845.51
872.82,845.99
872.4,846.46
871.98,846.92
871.57,847.38
871.15,847.84
870.73,848.29
870.31,848.73
869.9,849.16
869.48,849.58
869.06,850.01
868.64,850.43
868.21,850.84
867.77,851.24
867.34,851.63
866.9,852.02
866.46,852.39
866.02,852.76
865.57,853.11
865.12,853.47
864.66,853.82
864.2,854.15
863.74,854.48
863.27,854.8
862.81,855.11
862.33,855.42
861.84,855.72
861.36,856
860.88,856.28
860.39,856.55
859.9,856.81
859.4,857.07
858.89,857.31
858.39,857.55
857.89,857.77
857.37,857.99
856.85,858.2
856.34,858.4
855.83,858.59
855.3,858.77
854.78,858.94
854.26,859.1
853.74,859.25
853.2,859.4
852.66,859.53
852.12,859.65
851.58,859.77
851.04,859.89
850.49,859.99
849.95,860.08
849.41,860.16
848.87,860.23
848.32,860.29
847.76,860.34
847.21,860.38
846.66,860.41
846.11,860.44
845.56,860.44
845,860.44
844.44,860.43
843.89,860.42
843.32,860.39
842.75,860.36
842.2,860.32
841.64,860.27
841.08,860.2
840.53,860.12
839.97,860.03
839.41,859.94
838.86,859.83
838.3,859.71
837.74,859.58
837.19,859.44
836.63,859.29
836.07,859.14
835.52,858.97
834.96,858.79
834.41,858.6
833.87,858.4
833.32,858.19
832.77,857.98
832.22,857.75
831.68,857.51
831.14,857.27
830.6,857.02
830.06,856.75
829.53,856.48
828.99,856.2
828.45,855.91
827.92,855.6
827.39,855.28
826.87,854.95
826.35,854.61
825.84,854.26
825.33,853.91
824.82,853.55
824.31,853.17
823.82,852.78
823.33,852.37
822.84,851.97
822.35,851.56
821.86,851.13
821.38,850.69
820.92,850.24
820.45,849.79
819.99,849.31
819.52,848.82
819.07,848.34
818.62,847.84
818.18,847.34
817.74,846.83
817.33,846.3
816.91,845.77
816.5,845.23
816.09,844.68
815.7,844.12
815.31,843.55
814.93,842.98
814.55,842.39
814.19,841.79
813.83,841.19
813.48,840.57
813.12,839.95
812.79,839.31
812.46,838.67
812.14,838.04
811.83,837.4
811.52,836.73
811.21,836.06
810.93,835.4
810.64,834.73
810.37,834.06
810.1,833.38
809.84,832.69
809.58,832
809.34,831.29
809.1,830.59
808.87,829.89
808.63,829.19
808.41,828.47
808.19,827.74
807.97,827.02
807.74,826.3
807.53,825.58
807.32,824.86
807.1,824.14
806.89,823.42
806.69,822.69
806.48,821.96
806.27,821.23
806.06,820.5
805.84,819.76
805.63,819.02
805.41,818.28
805.18,817.56
804.96,816.83
804.74,816.09
804.51,815.36
804.27,814.63
804.03,813.9
803.79,813.17
803.55,812.44
803.31,811.71
803.06,810.98
802.81,810.25
802.56,809.53
802.31,808.81
802.06,808.09
801.81,807.37
801.55,806.64
801.29,805.91
801.02,805.18
800.75,804.46
800.48,803.74
800.21,803.02
799.93,802.3
799.65,801.58
799.37,800.87
799.08,800.16
798.78,799.44
798.49,798.73
798.19,798.02
797.89,797.31
797.59,796.59
797.28,795.88
796.97,795.18
796.67,794.48
796.35,793.77
796.04,793.07
795.72,792.38
795.41,791.69
795.08,790.98
794.76,790.28
794.43,789.59
794.11,788.89
793.77,788.2
793.44,787.51
793.11,786.82
792.77,786.14
792.44,785.46
792.1,784.77
791.76,784.09
791.42,783.4
791.07,782.72
790.73,782.03
790.38,781.35
790.03,780.67
789.67,779.98
789.32,779.3
788.96,778.62
788.6,777.95
788.23,777.27
787.87,776.6
787.5,775.92
787.13,775.25
786.75,774.57
786.37,773.9
785.99,773.23
785.61,772.57
785.21,771.91
784.81,771.25
784.41,770.59
784.01,769.92
783.61,769.27
783.2,768.61
782.79,767.94
782.38,767.28
781.96,766.62
781.55,765.97
781.12,765.31
780.69,764.65
780.26,764
779.82,763.36
779.38,762.71
778.95,762.06
778.5,761.42
778.06,760.77
777.6,760.13
777.15,759.49
776.69,758.86
776.22,758.22
775.76,757.58
775.29,756.94
774.82,756.32
774.35,755.7
773.87,755.09
773.38,754.46
772.9,753.84
772.42,753.23
771.93,752.62
771.43,752.02
770.93,751.42
770.43,750.82
769.92,750.23
769.41,749.64
768.9,749.05
768.39,748.47
767.87,747.9
767.35,747.33
766.82,746.76
766.28,746.2
765.75,745.64
765.22,745.09
764.67,744.54
764.12,744
763.58,743.46
763.03,742.93
762.47,742.4
761.92,741.87
761.35,741.35
760.79,740.84
760.22,740.32
759.65,739.8
759.08,739.3
758.5,738.8
757.92,738.3
757.33,737.8
756.75,737.32
756.17,736.84
755.57,736.37
754.98,735.9
754.38,735.43
753.77,734.96
753.16,734.5
752.55,734.05
751.93,733.61
751.3,733.16
750.67,732.72
750.04,732.27
749.41,731.84
748.78,731.42
748.13,731.02
747.48,730.61
746.83,730.2
746.18,729.8
745.53,729.41
744.89,729.04
744.22,728.66
743.55,728.28
742.88,727.92
742.21,727.56
741.54,727.2
740.86,726.86
740.17,726.52
739.49,726.19
738.8,725.86
738.11,725.54
737.41,725.24
736.7,724.93
736.01,724.63
735.31,724.34
734.6,724.06
733.88,723.79
733.17,723.52
732.45,723.25
731.74,722.99
731.03,722.73
730.3,722.49
729.58,722.25
728.86,722.03
728.13,721.81
727.4,721.59
726.67,721.38
725.93,721.18
725.2,720.98
724.46,720.79
723.72,720.61
722.97,720.44
722.23,720.27
721.48,720.12
720.73,719.98
719.99,719.84
719.24,719.7
718.49,719.58
717.74,719.46
716.99,719.35
716.24,719.24
715.48,719.14
714.72,719.05
713.97,718.98
713.21,718.91
712.45,718.84
711.69,718.78
710.93,718.72
710.17,718.67
709.41,718.62
708.65,718.59
707.89,718.57
707.13,718.55
706.37,718.55
705.61,718.55
704.85,718.56
704.09,718.57
703.33,718.6
702.57,718.63
701.8,718.67
701.04,718.72
700.27,718.78
699.5,718.83
698.74,718.89
697.98,718.96
697.22,719.05
696.46,719.15
695.7,719.25
694.94,719.35
694.18,719.46
693.42,719.57
692.66,719.7
691.9,719.83
691.14,719.97
690.38,720.13
689.62,720.29
688.85,720.46
688.09,720.63
687.33,720.81
686.57,720.99
685.81,721.18
685.06,721.38
684.31,721.59
683.56,721.81
682.81,722.03
682.05,722.26
681.3,722.49
680.56,722.74
679.82,722.99
679.08,723.25
678.33,723.51
677.59,723.78
676.85,724.06
676.12,724.36
675.38,724.66
674.66,724.96
673.94,725.27
673.21,725.59
672.49,725.91
671.78,726.24
671.06,726.58
670.35,726.93
669.63,727.28
668.93,727.65
668.22,728.02
667.53,728.4
666.83,728.78
666.15,729.16
665.46,729.56
664.77,729.97
664.09,730.39
663.41,730.8
662.73,731.22
662.06,731.65
661.4,732.09
660.74,732.54
660.08,733
659.43,733.45
658.78,733.9
658.13,734.37
657.48,734.84
656.85,735.32
656.22,735.79
655.6,736.27
654.98,736.75
654.36,737.24
653.75,737.73
653.15,738.21
652.55,738.69
651.95,739.17
651.36,739.65
650.77,740.14
650.19,740.63
649.61,741.13
649.04,741.61
648.47,742.09
647.91,742.57
647.35,743.07
646.79,743.57
646.25,744.07
645.7,744.55
645.16,745.04
644.62,745.53
644.09,746.03
643.57,746.53
643.05,747.02
642.53,747.51
642.02,748.01
641.51,748.51
641.01,749
640.52,749.49
640.03,749.99
639.54,750.49
639.07,750.99
638.59,751.49
638.13,751.99
637.67,752.49
637.21,752.98
636.76,753.48
636.32,753.99
635.88,754.5
635.46,755.02
635.03,755.54
634.62,756.06
634.22,756.59
633.83,757.12
633.44,757.66
633.06,758.21
632.69,758.75
632.34,759.3
631.99,759.84
631.65,760.41
631.3,760.97
630.98,761.53
630.65,762.1
630.35,762.68
630.04,763.27
629.75,763.85
629.47,764.45
629.19,765.06
628.91,765.67
628.66,766.29
628.41,766.91
628.18,767.53
627.94,768.17
627.72,768.81
627.5,769.46
627.3,770.11
627.11,770.75
626.93,771.41
626.76,772.07
626.59,772.74
626.42,773.42
626.28,774.09
626.14,774.77
626.02,775.46
625.9,776.15
625.81,776.85
625.72,777.54
625.64,778.24
625.57,778.95
625.52,779.65
625.48,780.35
625.45,781.06
625.42,781.78
625.41,782.49
625.4,783.2
625.42,783.92
625.44,784.64
625.49,785.36
625.53,786.08
625.6,786.8
625.66,787.53
625.75,788.25
625.83,788.97
625.94,789.68
626.05,790.39
626.19,791.11
626.33,791.83
626.48,792.55
626.63,793.26
626.8,793.97
626.98,794.68
627.17,795.39
627.37,796.09
627.59,796.79
627.81,797.49
628.06,798.19
628.3,798.88
628.57,799.57
628.83,800.25
629.11,800.92
629.39,801.6
629.7,802.27
630,802.95
630.33,803.61
630.65,804.26
631,804.91
631.34,805.55
631.7,806.19
632.06,806.81
632.44,807.43
632.82,808.05
633.23,808.67
633.64,809.27
634.06,809.87
634.47,810.45
634.92,811.04
635.37,811.62
635.81,812.19
636.26,812.75
636.72,813.3
637.18,813.86
637.66,814.4
638.13,814.95
638.61,815.49
639.09,816.04
639.59,816.58
640.08,817.11
640.57,817.64
641.06,818.17
641.57,818.7
642.08,819.24
642.59,819.78
643.1,820.31
643.62,820.84
644.14,821.36
644.66,821.89
645.18,822.42
645.71,822.95
646.24,823.49
646.78,824.03
647.31,824.56
647.85,825.1
648.39,825.64
648.93,826.18
649.47,826.73
650.01,827.27
650.56,827.82
651.12,828.36
651.67,828.91
652.23,829.47
652.79,830.04
653.34,830.6
653.9,831.15
654.47,831.68
655.03,832.27
655.61,832.93
656.18,833.4
656.76,833.62
657.33,834.55
659.67,836.9
662.01,839.26
662.6,840.23
663.2,840.48
663.8,841.01
664.4,841.72
664.99,842.37
665.59,842.96
666.19,843.59
666.79,844.24
667.41,844.88
668.02,845.51
668.62,846.16
669.23,846.81
669.84,847.46
670.45,848.12
671.06,848.77
671.67,849.43
672.29,850.11
672.9,850.78
673.52,851.46
674.14,852.13
674.76,852.81
675.38,853.48
676,854.16
676.61,854.85
677.23,855.54
677.85,856.24
678.47,856.93
679.1,857.63
679.72,858.32
680.34,859.01
680.96,859.71
681.58,860.42
682.2,861.13
682.82,861.84
683.46,862.55
684.09,863.27
684.71,863.99
685.33,864.71
685.95,865.43
686.57,866.15
687.19,866.88
687.82,867.61
688.43,868.35
689.04,869.09
689.65,869.84
690.26,870.59
690.88,871.34
691.49,872.09
692.1,872.84
692.71,873.6
693.33,874.36
693.94,875.12
694.55,875.88
695.16,876.65
695.77,877.42
696.37,878.19
696.97,878.96
697.57,879.74
698.17,880.52
698.76,881.31
699.36,882.11
699.95,882.9
700.54,883.7
701.14,884.51
701.72,885.32
702.31,886.14
702.89,886.95
703.47,887.77
704.06,888.59
704.64,889.41
705.22,890.24
705.79,891.08
706.37,891.92
706.94,892.76
707.51,893.6
708.08,894.44
708.64,895.3
709.21,896.16
709.76,897.02
710.32,897.88
710.88,898.74
711.43,899.6
711.98,900.47
712.53,901.36
713.07,902.24
713.6,903.13
714.13,904.02
714.66,904.91
715.19,905.79
715.72,906.68
716.24,907.59
716.76,908.49
717.28,909.39
717.8,910.29
718.32,911.2
718.84,912.12
719.35,913.03
719.86,913.93
720.36,914.84
720.86,915.76
721.36,916.68
721.86,917.59
722.35,918.51
722.84,919.44
723.34,920.37
723.83,921.29
724.31,922.21
724.79,923.14
725.27,924.07
725.76,925.01
726.22,925.93
726.68,926.86
727.16,927.79
727.63,928.72
728.09,929.67
728.54,930.61
728.99,931.54
729.43,932.48
729.87,933.42
730.3,934.36
730.73,935.3
731.16,936.25
731.56,937.2
731.97,938.15
732.38,939.1
732.79,940.04
733.18,940.99
733.57,941.94
733.95,942.91
734.33,943.87
734.69,944.83
735.05,945.79
735.4,946.76
735.74,947.73
736.06,948.7
736.39,949.67
736.7,950.64
737.02,951.62
737.31,952.59
737.59,953.58
737.87,954.56
738.15,955.54
738.41,956.51
738.67,957.5
738.91,958.48
739.15,959.47
739.37,960.46
739.6,961.45
739.79,962.44
739.99,963.43
740.17,964.43
740.36,965.43
740.53,966.44
740.69,967.44
740.82,968.44
740.95,969.44
741.07,970.45
741.19,971.46
741.29,972.46
741.38,973.45
741.45,974.45
741.53,975.45
741.57,976.46
741.62,977.47
741.64,978.47
741.66,979.46
741.66,980.46
741.66,981.46
741.64,982.45
741.62,983.44
741.58,984.44
741.55,985.44
741.48,986.43
741.42,987.41
741.34,988.4
741.27,989.39
741.17,990.37
741.06,991.35
740.95,992.33
740.84,993.31
740.7,994.29
740.56,995.27
740.4,996.25
740.25,997.21
740.08,998.18
739.91,999.14
739.73,1000.1
739.54,1001.1
739.34,1002
739.13,1002.9
738.92,1003.9
738.71,1004.8
738.48,1005.8
738.24,1006.7
738,1007.6
737.76,1008.5
737.5,1009.4
737.24,1010.3
736.96,1011.2
736.68,1012.1
736.41,1012.9
736.13,1013.8
735.83,1014.7
735.53,1015.5
735.23,1016.3
734.92,1017.1
734.6,1018
734.27,1018.8
733.94,1019.6
733.6,1020.4
733.26,1021.1
732.92,1021.9
732.57,1022.7
732.21,1023.4
731.85,1024.2
731.49,1024.9
731.13,1025.6
730.77,1026.3
730.39,1027
730.01,1027.7
729.62,1028.4
729.23,1029
728.83,1029.6
728.43,1030.3
728.02,1030.9
727.61,1031.4
727.19,1032
726.76,1032.6
726.32,1033.1
725.89,1033.6
725.44,1034.1
725,1034.6
724.53,1035.1
724.07,1035.6
723.6,1036
723.14,1036.4
722.66,1036.8
722.18,1037.2
721.68,1037.6
721.17,1038
720.67,1038.4
720.17,1038.7
719.65,1039
719.13,1039.3
718.6,1039.6
718.08,1039.9
717.54,1040.2
717,1040.4
716.44,1040.7
715.89,1040.9
715.33,1041.1
714.77,1041.3
714.21,1041.5
713.64,1041.7
713.07,1041.8
712.49,1041.9
711.91,1042
711.32,1042.1
710.74,1042.2
710.15,1042.3
709.57,1042.3
708.98,1042.4
708.39,1042.4
707.8,1042.4
707.2,1042.4
706.61,1042.3
706.02,1042.3
705.42,1042.2
704.83,1042.1
704.24,1042
703.64,1041.9
703.05,1041.8
702.45,1041.6
701.86,1041.5
701.28,1041.3
700.69,1041.1
700.11,1040.9
699.52,1040.6
698.96,1040.4
698.39,1040.2
697.82,1039.9
697.26,1039.6
696.7,1039.2
696.15,1038.9
695.6,1038.5
695.05,1038.2
694.53,1037.8
694.01,1037.4
693.49,1036.9
692.97,1036.5
692.47,1036
691.97,1035.5
691.49,1035.1
691.01,1034.5
690.52,1034
690.04,1033.5
689.59,1033
689.13,1032.4
688.69,1031.9
688.24,1031.3
687.81,1030.7
687.37,1030.1
686.94,1029.5
686.52,1028.8
686.11,1028.2
685.7,1027.6
685.28,1026.9
684.87,1026.3
684.46,1025.6
684.05,1024.9
683.63,1024.3
683.21,1023.6
682.8,1022.9
682.38,1022.3
681.96,1021.6
681.54,1020.9
681.13,1020.2
680.71,1019.5
680.28,1018.8
679.86,1018.1
679.43,1017.4
679,1016.7
678.57,1016
678.13,1015.3
677.69,1014.6
677.26,1013.9
676.82,1013.1
676.39,1012.4
675.94,1011.7
675.5,1011
675.05,1010.2
674.61,1009.5
674.15,1008.7
673.7,1008
673.23,1007.3
672.77,1006.5
672.3,1005.8
671.84,1005
671.37,1004.3
670.89,1003.5
670.41,1002.8
669.93,1002
669.45,1001.2
668.97,1000.5
668.48,999.72
668,998.95
667.51,998.18
667.02,997.4
666.53,996.62
666.03,995.85
665.53,995.06
665.03,994.27
664.53,993.48
664.03,992.68
663.52,991.89
663.01,991.09
662.5,990.3
661.99,989.5
661.47,988.69
660.95,987.88
660.43,987.06
659.91,986.25
659.38,985.44
658.85,984.62
658.33,983.79
657.8,982.96
657.27,982.12
656.74,981.28
656.2,980.44
655.66,979.59
655.12,978.74
654.59,977.89
654.04,977.04
653.49,976.19
652.94,975.33
652.4,974.47
651.85,973.6
651.3,972.73
650.75,971.85
650.19,970.98
649.62,970.1
649.06,969.22
648.49,968.33
647.93,967.44
647.35,966.56
646.78,965.67
646.2,964.77
645.63,963.88
645.04,962.97
644.46,962.06
643.87,961.16
643.29,960.25
642.7,959.34
642.12,958.42
641.53,957.5
640.93,956.57
640.34,955.64
639.74,954.7
639.15,953.76
638.56,952.82
637.95,951.87
637.35,950.91
636.74,949.96
636.13,949.01
635.51,948.06
634.9,947.1
634.29,946.14
633.68,945.16
633.06,944.19
632.43,943.22
631.8,942.24
631.17,941.26
630.54,940.27
629.91,939.28
629.28,938.29
628.65,937.3
628.01,936.31
627.37,935.31
626.73,934.3
626.09,933.29
625.45,932.27
624.81,931.26
624.16,930.24
623.51,929.22
622.85,928.19
622.19,927.15
621.54,926.11
620.89,925.08
620.23,924.06
619.56,923.03
618.9,921.99
618.24,920.96
617.57,919.93
616.9,918.9
616.25,917.88
615.59,916.85
614.93,915.84
614.27,914.82
613.61,913.79
612.95,912.77
612.3,911.75
611.65,910.73
611,909.72
610.34,908.7
609.68,907.67
609.02,906.65
608.36,905.63
607.7,904.61
607.04,903.58
606.39,902.54
605.73,901.5
605.07,900.47
604.4,899.44
603.73,898.4
603.05,897.35
602.38,896.31
601.71,895.27
601.04,894.22
600.36,893.17
599.69,892.11
599.01,891.06
598.33,890
597.66,888.94
596.98,887.88
596.29,886.81
595.61,885.75
594.92,884.69
594.23,883.62
593.54,882.55
592.84,881.48
592.15,880.4
591.47,879.32
590.76,878.23
590.06,877.15
589.36,876.07
588.67,874.99
587.96,873.9
587.26,872.81
586.55,871.72
585.85,870.62
585.14,869.52
584.44,868.42
583.72,867.33
583.01,866.24
582.29,865.13
581.58,864.02
580.86,862.92
580.13,861.82
579.41,860.71
578.69,859.59
577.96,858.47
577.24,857.37
576.51,856.26
575.79,855.15
575.06,854.03
574.33,852.91
573.59,851.78
572.86,850.65
572.12,849.54
571.38,848.42
570.64,847.28
569.91,846.14
569.17,845.01
568.43,843.89
567.67,842.75
566.92,841.61
566.18,840.48
565.44,839.34
564.69,838.19
563.94,837.04
563.18,835.91
562.43,834.77
561.69,833.62
560.95,832.46
560.19,831.31
559.43,830.17
558.68,829.01
557.92,827.85
557.16,826.69
556.4,825.53
555.64,824.37
554.88,823.21
554.12,822.05
553.36,820.88
552.6,819.72
551.84,818.55
551.08,817.38
550.32,816.21
549.56,815.03
548.8,813.86
548.03,812.68
547.26,811.51
546.5,810.33
545.73,809.14
544.96,807.96
544.19,806.78
543.42,805.6
542.65,804.43
541.88,803.24
541.11,802.04
540.34,800.86
539.57,799.67
538.8,798.49
538.02,797.31
537.24,796.11
536.46,794.92
535.68,793.74
534.9,792.56
534.11,791.36
533.32,790.15
532.54,788.96
531.76,787.77
530.98,786.57
530.19,785.36
529.4,784.16
528.61,782.96
527.82,781.76
527.03,780.55
526.24,779.35
525.46,778.15
524.67,776.94
523.88,775.73
523.08,774.53
522.28,773.32
521.49,772.12
520.71,770.92
519.9,769.72
519.09,768.52
518.3,767.31
517.52,766.09
516.72,764.89
515.92,763.69
515.12,762.48
514.32,761.27
513.53,760.07
512.73,758.86
511.94,757.66
511.15,756.44
510.35,755.23
509.56,754.02
508.76,752.8
507.96,751.58
507.16,750.37
506.36,749.16
505.58,747.94
504.79,746.72
503.99,745.5
503.19,744.29
502.38,743.08
501.58,741.85
500.78,740.63
499.98,739.41
499.18,738.19
498.39,736.97
497.58,735.74
496.77,734.51
495.97,733.28
495.18,732.05
494.38,730.82
493.58,729.59
492.77,728.36
491.97,727.13
491.17,725.9
490.37,724.67
489.56,723.45
488.76,722.22
487.95,720.98
487.14,719.74
486.34,718.5
485.53,717.26
484.73,716.03
483.93,714.8
483.12,713.56
482.3,712.32
481.49,711.08
480.69,709.85
479.88,708.61
479.07,707.37
478.27,706.13
477.46,704.89
476.65,703.65
475.84,702.41
475.04,701.17
474.23,699.93
473.41,698.69
472.6,697.44
471.79,696.2
470.98,694.96
470.17,693.72
469.35,692.48
468.54,691.24
467.74,690
466.92,688.77
466.1,687.53
465.29,686.29
464.47,685.05
463.66,683.82
462.84,682.59
462.02,681.36
461.21,680.13
460.38,678.9
459.55,677.67
458.74,676.44
457.92,675.21
457.11,673.98
456.29,672.75
455.47,671.52
454.66,670.29
453.83,669.07
453.01,667.85
452.19,666.62
451.37,665.39
450.55,664.16
449.72,662.93
448.91,661.7
448.09,660.47
447.27,659.24
446.46,658.01
445.64,656.79
444.82,655.56
444,654.32
443.17,653.08
442.36,651.85
441.54,650.62
440.72,649.38
439.91,648.14
439.09,646.9
438.27,645.66
437.45,644.42
436.62,643.18
435.81,641.95
434.99,640.71
434.17,639.47
433.36,638.23
432.54,636.98
431.72,635.73
430.9,634.49
430.07,633.26
429.26,632.01
428.44,630.76
427.62,629.52
426.81,628.28
426,627.04
425.19,625.78
424.38,624.53
423.56,623.27
422.75,622.02
421.93,620.77
421.12,619.52
420.31,618.26
419.5,617.01
418.68,615.76
417.87,614.51
417.05,613.25
416.23,611.99
415.42,610.73
414.61,609.48
413.8,608.22
412.99,606.96
412.17,605.7
411.35,604.45
410.54,603.19
409.71,601.93
408.89,600.67
408.07,599.42
407.25,598.16
406.44,596.9
405.62,595.64
404.8,594.4
403.99,593.15
403.16,591.89
402.34,590.63
401.52,589.37
400.7,588.12
399.88,586.87
399.05,585.62
398.24,584.37
397.42,583.11
396.59,581.85
395.77,580.59
394.95,579.33
394.14,578.08
393.31,576.83
392.48,575.58
391.67,574.33
390.85,573.07
390.03,571.81
389.2,570.55
388.38,569.29
387.55,568.04
386.72,566.78
385.9,565.52
385.07,564.27
384.25,563.01
383.42,561.75
382.6,560.49
381.78,559.23
380.96,557.98
380.14,556.73
379.31,555.48
378.49,554.23
377.66,552.99
376.84,551.75
376.03,550.51
375.21,549.26
374.4,548.01
373.58,546.77
372.76,545.53
371.95,544.3
371.13,543.07
370.3,541.84
369.48,540.6
368.66,539.36
367.85,538.12
367.03,536.88
366.21,535.64
365.39,534.4
364.56,533.16
363.75,531.92
362.93,530.67
362.1,529.42
361.28,528.17
360.45,526.92
359.63,525.67
358.81,524.42
357.99,523.16
357.17,521.91
356.34,520.66
355.52,519.41
354.69,518.15
353.87,516.89
353.04,515.63
352.21,514.37
351.37,513.1
350.55,511.84
349.72,510.59
348.89,509.33
348.07,508.07
347.24,506.81
346.42,505.56
345.59,504.3
344.77,503.04
343.95,501.78
343.13,500.53
342.31,499.27
341.48,498.01
340.66,496.76
339.83,495.52
339.01,494.26
338.2,493
337.38,491.75
336.57,490.5
335.75,489.26
334.93,488.01
334.13,486.76
333.32,485.51
332.5,484.26
331.69,483.02
330.88,481.78
330.07,480.54
329.26,479.29
328.44,478.04
327.63,476.8
326.82,475.56
326.02,474.33
325.21,473.09
324.4,471.85
323.6,470.61
322.79,469.37
321.98,468.13
321.18,466.9
320.37,465.67
319.57,464.44
318.77,463.21
317.97,461.98
317.16,460.75
316.36,459.51
315.56,458.27
314.77,457.04
313.97,455.82
313.17,454.6
312.37,453.37
311.57,452.14
310.78,450.92
309.99,449.69
309.2,448.47
308.4,447.25
307.6,446.03
306.81,444.82
306.01,443.61
305.22,442.39
304.43,441.17
303.63,439.96
302.84,438.75
302.05,437.54
301.26,436.33
300.46,435.12
299.66,433.92
298.88,432.72
298.1,431.52
297.32,430.31
296.53,429.11
295.74,427.93
294.95,426.75
294.16,425.56
293.37,424.36
292.59,423.16
291.81,421.96
291.04,420.77
290.26,419.59
289.48,418.41
288.7,417.24
287.92,416.08
287.14,414.91
286.36,413.75
285.58,412.58
284.81,411.42
284.04,410.25
283.27,409.09
282.5,407.92
281.74,406.77
280.98,405.61
280.21,404.46
279.44,403.3
278.68,402.15
277.92,400.99
277.16,399.83
276.4,398.68
275.64,397.53
274.88,396.38
274.12,395.24
273.35,394.09
272.59,392.95
271.83,391.8
271.08,390.65
270.33,389.51
269.58,388.37
268.83,387.23
268.08,386.09
267.32,384.94
266.57,383.8
265.82,382.66
265.07,381.52
264.32,380.37
263.58,379.22
262.83,378.08
262.08,376.94
261.33,375.8
260.58,374.66
259.83,373.51
259.09,372.36
258.34,371.22
257.59,370.07
256.84,368.93
256.1,367.79
255.36,366.65
254.62,365.52
253.87,364.38
253.14,363.23
252.41,362.08
251.67,360.95
250.92,359.81
250.19,358.67
249.46,357.54
248.72,356.4
247.97,355.26
247.24,354.11
246.51,352.97
245.77,351.83
245.04,350.69
244.31,349.56
243.58,348.42
242.83,347.28
242.09,346.14
241.35,345.02
240.61,343.89
239.88,342.76
239.14,341.63
238.4,340.5
237.66,339.38
236.93,338.25
236.19,337.12
235.45,335.99
234.71,334.87
233.97,333.74
233.22,332.61
232.48,331.48
231.74,330.35
231,329.22
230.26,328.1
229.51,326.98
228.77,325.86
228.02,324.73
227.27,323.6
226.53,322.48
225.78,321.35
225.04,320.22
224.3,319.09
223.56,317.96
222.82,316.82
222.06,315.69
221.31,314.56
220.57,313.44
219.83,312.31
219.09,311.17
218.34,310.03
217.59,308.9
216.84,307.78
216.09,306.66
215.34,305.54
214.6,304.41
213.85,303.28
213.11,302.15
212.37,301.01
211.62,299.87
210.87,298.73
210.12,297.6
209.38,296.46
208.64,295.32
207.9,294.18
207.16,293.05
206.41,291.91
205.67,290.77
204.93,289.62
204.19,288.47
203.45,287.32
202.7,286.19
201.96,285.05
201.22,283.9
200.48,282.76
199.73,281.62
198.97,280.48
198.22,279.35
197.47,278.21
196.73,277.07
195.99,275.93
195.24,274.79
194.48,273.64
193.73,272.5
192.98,271.37
192.23,270.22
191.48,269.07
190.73,267.94
189.98,266.8
189.22,265.65
188.47,264.51
187.73,263.37
186.99,262.23
186.24,261.09
185.49,259.94
184.73,258.79
183.98,257.65
183.23,256.5
182.48,255.35
181.72,254.23
180.96,253.1
180.21,251.96
179.46,250.8
178.7,249.65
177.95,248.49
177.2,247.35
176.45,246.2
175.7,245.05
174.95,243.89
174.2,242.73
173.45,241.58
172.69,240.43
171.94,239.29
171.19,238.13
170.44,236.97
169.68,235.82
168.92,234.66
168.17,233.5
167.42,232.33
166.65,231.18
165.89,230.02
165.14,228.86
164.39,227.69
163.63,226.53
162.87,225.36
162.11,224.2
161.35,223.03
160.59,221.87
159.83,220.7
159.06,219.54
158.29,218.37
157.51,217.19
156.73,216
155.97,214.84
155.21,213.67
154.41,212.5
153.61,211.33
152.84,210.16
152.07,209
151.29,207.81
150.51,206.61
149.74,205.43
148.97,204.26
148.19,203.08
147.41,201.9
146.64,200.7
145.88,199.51
145.1,198.33
144.32,197.14
143.55,195.95
142.78,194.76
142,193.57
141.22,192.37
140.44,191.18
139.66,189.99
138.89,188.8
138.12,187.6
137.34,186.41
136.56,185.22
135.78,184.02
135,182.83
134.22,181.64
133.44,180.45
132.67,179.26
131.89,178.06
131.12,176.86
130.35,175.66
129.58,174.45
128.81,173.25
128.04,172.05
127.27,170.85
126.5,169.64
125.73,168.43
124.95,167.22
124.17,166.02
123.4,164.82
122.63,163.62
121.85,162.42
121.07,161.22
120.3,160
119.53,158.79
118.75,157.59
117.97,156.39
117.19,155.18
116.41,153.97
115.63,152.76
114.85,151.55
114.07,150.33
113.3,149.12
112.53,147.91
111.76,146.7
110.98,145.5
110.2,144.3
109.42,143.08
108.64,141.86
107.85,140.64
107.06,139.43
106.28,138.22
105.5,137.01
104.71,135.8
103.93,134.59
103.15,133.37
102.37,132.15
101.57,130.93
100.77,129.71
99.984,128.5
99.195,127.28
98.407,126.07
97.618,124.84
96.83,123.63
96.041,122.4
95.243,121.17
94.445,119.94
93.648,118.72
92.85,117.5
92.052,116.27
91.254,115.04
90.456,113.82
89.659,112.6
88.861,111.37
88.063,110.14
87.265,108.92
86.468,107.7
85.66,106.48
84.853,105.24
84.056,104.01
83.258,102.78
82.451,101.56
81.644,100.32
80.846,99.086
80.048,97.847
79.241,96.617
78.434,95.388
77.636,94.151
76.838,92.91
76.031,91.671
75.224,90.432
74.417,89.193
73.61,87.954
72.803,86.715
71.996,85.477
71.189,84.238
70.382,82.999
69.566,81.759
68.749,80.521
67.942,79.284
67.135,78.043
66.319,76.796
65.502,75.547
64.686,74.298
63.87,73.051
63.044,71.803
62.218,70.554
61.402,69.306
60.586,68.058
59.76,66.812
58.934,65.562
58.118,64.304
57.302,63.047
56.476,61.799
55.651,60.551
54.825,59.293
53.999,58.036
53.174,56.787
52.348,55.54
51.513,54.284
50.678,53.025
49.843,51.767
49.009,50.51
48.183,49.252
47.357,47.995
46.522,46.739
45.687,45.48
44.853,44.216
44.018,42.947
43.192,41.678
42.366,40.414
41.532,39.157
40.697,37.899
39.852,36.634
39.008,35.366
38.173,34.099
37.339,32.833
36.504,31.566
35.669,30.299
34.834,29.034
33.999,27.766
33.164,26.49
32.329,25.214
31.494,23.945
30.659,22.681
29.824,21.417
28.99,20.148
28.145,18.871
27.301,17.596
26.466,16.329
25.631,15.063
24.787,13.789
23.943,12.511
23.108,11.233
22.273,9.9591
21.429,8.6926
20.585,7.4259
19.75,6.1518
18.915,4.8741
18.08,3.5976
17.245,2.3223
16.41,1.0471
15.576,-0.22942
14.741,-1.5072
13.906,-2.7812
13.071,-4.048
12.236,-5.3145
11.392,-6.588
10.548,-7.8662
9.7127,-9.1446
8.8778,-10.418
8.0337,-11.684
7.1895,-12.951
6.3546,-14.227
5.5197,-15.503
4.6755,-16.77
3.8313,-18.036
2.9872,-19.31
2.143,-20.588
1.2988,-21.866
0.45466,-23.14
-0.38952,-24.407
-1.2337,-25.673
-2.0779,-26.944
-2.922,-28.225
-3.7755,-29.523
